id_registro,data,maquina,turno,temperatura_c,consumo_kwh,pecas_produzidas,pecas_defeituosas,tempo_parada_min
1,2024-03-01,Pintura,Tarde,33.8,86.9,477,16,4
2,2024-03-01,Prensa,Noite,54.4,168.5,603,6,5
3,2024-03-01,Injetora,Manhã,81.1,188.1,920,8,30
4,2024-03-01,Solda Robotizada,Manhã,59.7,106.4,441,10,13
5,2024-03-02,Prensa,Tarde,42.1,162.2,772,22,16
6,2024-03-02,Prensa,Noite,60.0,189.8,310,10,7
7,2024-03-03,Torno CNC,Manhã,54.1,74.0,592,15,3
8,2024-03-03,Prensa,Manhã,57.5,127.2,523,17,6
9,2024-03-03,Injetora,Manhã,82.1,227.4,913,17,6
10,2024-03-03,Prensa,Noite,58.4,137.7,1123,7,19
11,2024-03-03,Injetora,Manhã,72.2,238.7,431,4,26
12,2024-03-04,Prensa,Tarde,42.3,186.2,1018,6,84
13,2024-03-04,Solda Robotizada,Noite,82.9,125.6,890,15,45
14,2024-03-04,Torno CNC,Manhã,63.9,69.6,1173,26,91
15,2024-03-04,Torno CNC,Tarde,51.3,56.9,1121,20,31
16,2024-03-04,Torno CNC,Tarde,52.1,62.3,390,10,0
17,2024-03-04,Pintura,Noite,31.8,103.2,969,21,2
18,2024-03-04,Prensa,Manhã,48.3,177.9,833,24,18
19,2024-03-05,Torno CNC,Tarde,48.8,66.0,401,11,14
20,2024-03-05,Injetora,Manhã,92.5,209.5,531,9,5
21,2024-03-05,Injetora,Tarde,76.3,184.0,1135,19,5
22,2024-03-06,Torno CNC,Noite,59.1,47.2,789,20,27
23,2024-03-06,Pintura,Manhã,26.0,69.7,604,16,9
24,2024-03-06,Prensa,Manhã,40.8,149.9,588,9,28
25,2024-03-06,Injetora,Noite,86.3,255.5,1054,17,25
26,2024-03-06,Solda Robotizada,Manhã,65.2,120.3,555,16,10
27,2024-03-07,Torno CNC,Manhã,58.1,51.7,443,12,16
28,2024-03-07,Solda Robotizada,Tarde,57.8,96.3,817,8,8
29,2024-03-07,Injetora,Manhã,93.7,207.1,1194,24,19
30,2024-03-08,Prensa,Manhã,55.0,185.3,465,17,52
31,2024-03-08,Pintura,Tarde,38.1,79.2,530,3,30
32,2024-03-09,Injetora,Manhã,73.4,241.8,722,25,20
33,2024-03-09,Prensa,Tarde,46.4,184.2,480,5,28
34,2024-03-09,Pintura,Tarde,30.5,65.5,886,20,11
35,2024-03-10,Injetora,Tarde,83.4,228.7,528,10,11
36,2024-03-10,Injetora,Manhã,77.4,256.7,415,2,3
37,2024-03-10,Prensa,Noite,41.2,152.2,535,20,10
38,2024-03-11,Torno CNC,Manhã,52.4,42.5,1138,24,16
39,2024-03-11,Injetora,Noite,76.4,253.9,1142,44,9
40,2024-03-12,Torno CNC,Manhã,52.7,84.2,755,11,1
41,2024-03-12,Solda Robotizada,Noite,60.9,121.3,660,23,1
42,2024-03-12,Injetora,Manhã,76.5,224.2,1038,39,7
43,2024-03-12,Torno CNC,Manhã,57.5,50.6,475,12,5
44,2024-03-13,Solda Robotizada,Tarde,66.6,139.2,889,11,12
45,2024-03-13,Torno CNC,Manhã,51.9,64.9,912,26,18
46,2024-03-13,Solda Robotizada,Manhã,71.0,92.0,939,23,18
47,2024-03-13,Torno CNC,Tarde,60.4,74.2,496,19,4
48,2024-03-13,Pintura,Noite,30.7,107.5,945,19,30
49,2024-03-13,Prensa,Manhã,51.8,186.3,851,12,48
50,2024-03-13,Injetora,Noite,94.2,202.2,1088,11,19
51,2024-03-14,Solda Robotizada,Noite,70.7,93.2,457,13,16
52,2024-03-14,Torno CNC,Noite,63.2,87.0,852,33,4
53,2024-03-14,Injetora,Tarde,89.8,255.0,1047,6,1
54,2024-03-14,Injetora,Tarde,71.5,222.6,550,17,27
55,2024-03-15,Prensa,Tarde,48.6,171.4,970,36,52
56,2024-03-15,Injetora,Tarde,87.5,217.0,389,3,60
57,2024-03-15,Injetora,Noite,94.7,213.6,947,8,1
58,2024-03-15,Injetora,Manhã,81.5,189.6,846,25,22
59,2024-03-15,Torno CNC,Manhã,46.9,44.8,473,13,13
60,2024-03-15,Torno CNC,Manhã,56.2,51.6,359,3,0
61,2024-03-15,Torno CNC,Noite,47.5,81.8,971,33,10
62,2024-03-15,Injetora,Tarde,88.8,191.7,517,12,6
63,2024-03-15,Injetora,Tarde,82.7,198.1,748,27,15
64,2024-03-15,Prensa,Noite,54.5,163.9,354,13,22
65,2024-03-15,Torno CNC,Noite,62.4,50.8,1168,39,15
66,2024-03-15,Prensa,Manhã,52.6,133.1,794,18,19
67,2024-03-16,Injetora,Noite,85.3,225.1,1139,16,18
68,2024-03-16,Injetora,Noite,88.9,209.4,444,10,0
69,2024-03-16,Injetora,Manhã,91.1,230.1,485,4,68
70,2024-03-16,Torno CNC,Noite,62.4,85.6,849,24,31
71,2024-03-16,Torno CNC,Manhã,45.7,47.5,844,8,1
72,2024-03-17,Solda Robotizada,Tarde,71.7,144.8,1012,23,5
73,2024-03-17,Torno CNC,Tarde,49.3,85.1,1136,8,5
74,2024-03-17,Torno CNC,Manhã,62.2,81.5,1040,16,2
75,2024-03-17,Prensa,Manhã,53.0,170.5,426,6,2
76,2024-03-17,Injetora,Manhã,80.5,229.6,578,15,14
77,2024-03-18,Torno CNC,Manhã,48.8,72.0,1123,37,2
78,2024-03-18,Torno CNC,Tarde,51.8,74.5,794,6,28
79,2024-03-18,Torno CNC,Manhã,59.1,40.8,1081,38,14
80,2024-03-18,Injetora,Manhã,75.1,256.6,807,28,5
81,2024-03-18,Solda Robotizada,Tarde,57.8,125.1,344,6,26
82,2024-03-18,Pintura,Tarde,38.3,99.1,726,20,23
83,2024-03-18,Injetora,Tarde,89.1,210.2,1043,20,57
84,2024-03-19,Prensa,Noite,44.0,121.0,890,9,3
85,2024-03-19,Solda Robotizada,Manhã,63.8,120.6,419,10,3
86,2024-03-19,Injetora,Noite,94.3,220.6,489,4,3
87,2024-03-20,Solda Robotizada,Manhã,76.2,116.2,1069,38,9
88,2024-03-20,Prensa,Tarde,52.2,147.2,1182,44,37
89,2024-03-20,Pintura,Noite,29.6,72.5,978,33,64
90,2024-03-20,Pintura,Noite,29.5,86.4,388,10,18
91,2024-03-20,Injetora,Tarde,71.0,210.0,857,21,33
92,2024-03-20,Torno CNC,Tarde,59.6,88.5,1047,41,83
93,2024-03-21,Torno CNC,Manhã,45.9,48.6,876,12,1
94,2024-03-21,Injetora,Tarde,70.1,205.6,835,6,48
95,2024-03-21,Torno CNC,Noite,59.6,54.7,721,18,8
96,2024-03-21,Pintura,Noite,39.2,87.2,520,9,0
97,2024-03-21,Injetora,Tarde,88.9,219.9,552,9,10
98,2024-03-22,Torno CNC,Manhã,54.4,72.2,971,5,57
99,2024-03-22,Solda Robotizada,Tarde,69.6,147.0,362,9,10
100,2024-03-22,Torno CNC,Manhã,53.7,54.3,376,5,14
101,2024-03-22,Torno CNC,Manhã,51.5,74.6,657,8,5
102,2024-03-22,Pintura,Manhã,32.8,61.3,997,6,0
103,2024-03-22,Torno CNC,Tarde,53.6,53.1,891,16,48
104,2024-03-23,Injetora,Manhã,85.0,217.1,831,30,17
105,2024-03-23,Injetora,Manhã,92.5,182.5,781,13,1
106,2024-03-23,Pintura,Manhã,39.9,90.9,399,11,20
107,2024-03-23,Injetora,Noite,72.0,234.3,598,19,5
108,2024-03-24,Torno CNC,Tarde,52.7,77.3,371,6,1
109,2024-03-24,Injetora,Manhã,74.5,221.3,983,33,9
110,2024-03-24,Torno CNC,Manhã,52.0,70.2,976,29,35
111,2024-03-25,Pintura,Tarde,29.3,79.8,532,13,42
112,2024-03-25,Torno CNC,Manhã,48.5,42.1,563,3,25
113,2024-03-26,Pintura,Tarde,36.5,65.0,586,4,21
114,2024-03-26,Injetora,Tarde,82.4,232.4,1101,44,5
115,2024-03-26,Torno CNC,Noite,63.4,89.8,740,24,3
116,2024-03-26,Solda Robotizada,Manhã,56.0,90.9,986,37,34
117,2024-03-26,Torno CNC,Tarde,46.3,67.9,704,26,9
118,2024-03-26,Injetora,Manhã,80.1,240.1,929,5,53
119,2024-03-26,Solda Robotizada,Noite,57.4,139.6,776,25,16
120,2024-03-27,Torno CNC,Noite,50.3,67.3,551,11,26
121,2024-03-27,Torno CNC,Tarde,64.7,71.0,1089,36,21
122,2024-03-27,Pintura,Tarde,28.1,94.8,938,5,13
123,2024-03-27,Injetora,Manhã,75.0,248.7,993,15,0
124,2024-03-27,Torno CNC,Noite,56.5,46.1,1154,36,3
125,2024-03-28,Injetora,Tarde,82.4,254.1,524,17,5
126,2024-03-29,Torno CNC,Manhã,56.6,41.3,382,10,1
127,2024-03-29,Injetora,Tarde,79.4,246.9,824,13,3
128,2024-03-29,Prensa,Tarde,56.5,126.1,593,9,16
129,2024-03-29,Injetora,Noite,73.5,195.6,692,27,18
130,2024-03-30,Prensa,Tarde,48.6,120.3,511,10,25
131,2024-03-30,Injetora,Tarde,87.2,215.6,659,14,4
132,2024-03-31,Torno CNC,Tarde,62.4,56.7,654,16,31
133,2024-03-31,Torno CNC,Manhã,52.4,48.3,615,12,5
134,2024-03-31,Prensa,Manhã,51.4,156.1,968,24,0
135,2024-03-31,Torno CNC,Manhã,46.4,60.1,833,17,10
136,2024-03-31,Torno CNC,Noite,48.4,78.4,727,25,4
137,2024-04-01,Solda Robotizada,Tarde,57.1,143.6,401,15,18
138,2024-04-01,Prensa,Tarde,54.6,172.2,814,31,51
139,2024-04-02,Injetora,Manhã,77.2,190.0,457,11,11
140,2024-04-02,Pintura,Manhã,35.9,74.8,583,12,50
141,2024-04-02,Torno CNC,Tarde,46.3,85.7,673,20,9
142,2024-04-02,Injetora,Manhã,91.6,187.1,427,15,1
143,2024-04-02,Torno CNC,Manhã,61.7,60.3,650,16,48
144,2024-04-03,Injetora,Noite,72.2,255.4,540,16,13
145,2024-04-04,Injetora,Manhã,70.6,256.1,1065,33,39
146,2024-04-04,Prensa,Manhã,41.1,152.9,1074,31,5
147,2024-04-04,Injetora,Tarde,91.3,233.4,304,9,16
148,2024-04-04,Solda Robotizada,Noite,62.0,117.4,842,10,2
149,2024-04-04,Pintura,Manhã,33.2,97.7,877,20,19
150,2024-04-04,Prensa,Noite,48.5,122.5,640,16,10
151,2024-04-04,Prensa,Noite,55.9,131.5,722,4,33
152,2024-04-05,Prensa,Tarde,49.8,169.1,1011,35,19
153,2024-04-05,Pintura,Tarde,32.5,71.6,640,17,20
154,2024-04-05,Torno CNC,Tarde,64.8,73.3,358,3,9
155,2024-04-05,Injetora,Tarde,73.8,208.1,635,21,21
156,2024-04-06,Torno CNC,Tarde,61.6,84.3,528,16,27
157,2024-04-06,Torno CNC,Tarde,46.0,81.0,644,20,15
158,2024-04-06,Injetora,Manhã,81.9,219.4,507,9,35
159,2024-04-06,Prensa,Manhã,57.7,181.8,435,15,5
160,2024-04-06,Injetora,Tarde,86.6,201.7,1187,23,14
161,2024-04-06,Pintura,Manhã,35.3,84.7,416,10,19
162,2024-04-06,Injetora,Tarde,76.6,195.8,936,5,9
163,2024-04-07,Injetora,Tarde,80.5,248.9,946,26,4
164,2024-04-07,Injetora,Noite,79.2,245.8,856,26,2
165,2024-04-08,Injetora,Manhã,83.0,252.2,1121,28,17
166,2024-04-08,Injetora,Tarde,81.6,250.2,304,7,5
167,2024-04-09,Injetora,Tarde,78.2,256.8,571,19,1
168,2024-04-09,Injetora,Manhã,77.6,198.3,466,13,17
169,2024-04-09,Injetora,Manhã,76.3,254.5,819,12,2
170,2024-04-10,Torno CNC,Manhã,52.3,68.6,872,34,42
171,2024-04-10,Torno CNC,Manhã,48.0,61.1,1109,33,2
172,2024-04-10,Torno CNC,Manhã,62.4,68.0,642,25,27
173,2024-04-10,Torno CNC,Tarde,57.0,57.1,512,20,20
174,2024-04-10,Injetora,Tarde,73.3,203.1,1132,42,1
175,2024-04-10,Injetora,Manhã,87.3,199.3,906,28,9
176,2024-04-10,Injetora,Manhã,91.2,186.6,989,26,34
177,2024-04-11,Solda Robotizada,Manhã,62.1,119.8,700,8,3
178,2024-04-11,Pintura,Tarde,27.3,104.4,703,17,12
179,2024-04-11,Pintura,Manhã,25.1,91.5,650,21,34
180,2024-04-12,Torno CNC,Tarde,45.9,66.0,975,23,4
181,2024-04-12,Torno CNC,Manhã,60.2,61.4,489,17,6
182,2024-04-13,Torno CNC,Manhã,64.7,63.2,1178,10,2
183,2024-04-13,Solda Robotizada,Noite,56.3,102.6,458,8,47
184,2024-04-14,Solda Robotizada,Manhã,77.4,139.4,715,16,2
185,2024-04-14,Solda Robotizada,Manhã,57.2,101.9,583,12,59
186,2024-04-14,Solda Robotizada,Manhã,72.8,133.0,878,8,10
187,2024-04-14,Torno CNC,Noite,60.1,78.0,913,9,30
188,2024-04-14,Solda Robotizada,Tarde,65.8,124.5,1127,39,26
189,2024-04-15,Solda Robotizada,Tarde,55.3,141.8,1011,22,19
190,2024-04-15,Torno CNC,Noite,56.9,54.6,524,4,11
191,2024-04-15,Pintura,Manhã,39.9,104.1,486,3,18
192,2024-04-15,Injetora,Noite,76.4,238.4,1098,24,7
193,2024-04-15,Pintura,Manhã,27.8,99.9,739,8,21
194,2024-04-15,Solda Robotizada,Tarde,58.7,129.9,387,11,0
195,2024-04-15,Injetora,Tarde,83.9,247.7,1043,34,1
196,2024-04-15,Prensa,Manhã,51.9,199.4,884,11,2
197,2024-04-16,Injetora,Noite,89.8,213.6,323,8,3
198,2024-04-16,Solda Robotizada,Manhã,77.6,138.8,1005,10,5
199,2024-04-16,Solda Robotizada,Noite,81.8,134.7,847,13,34
200,2024-04-17,Prensa,Manhã,56.1,156.2,853,31,71
201,2024-04-17,Solda Robotizada,Tarde,62.4,145.6,1079,26,4
202,2024-04-17,Injetora,Noite,83.9,211.6,746,27,1
203,2024-04-18,Injetora,Manhã,77.4,225.2,715,9,4
204,2024-04-18,Torno CNC,Noite,51.6,45.3,856,14,23
205,2024-04-18,Injetora,Tarde,93.3,198.1,478,10,34
206,2024-04-18,Torno CNC,Tarde,58.6,82.0,436,10,10
207,2024-04-19,Injetora,Manhã,94.4,211.7,1060,42,9
208,2024-04-19,Torno CNC,Tarde,53.3,59.7,494,4,17
209,2024-04-20,Torno CNC,Tarde,55.7,52.3,754,26,24
210,2024-04-20,Solda Robotizada,Tarde,69.6,119.5,543,19,15
211,2024-04-20,Injetora,Manhã,72.7,244.5,507,12,1
212,2024-04-21,Solda Robotizada,Manhã,62.1,143.7,838,14,75
213,2024-04-21,Torno CNC,Noite,55.6,43.5,1022,24,10
214,2024-04-22,Torno CNC,Manhã,46.3,68.7,698,11,12
215,2024-04-22,Torno CNC,Tarde,63.6,63.4,424,14,2
216,2024-04-22,Torno CNC,Noite,47.5,70.7,520,12,1
217,2024-04-22,Injetora,Manhã,74.9,215.8,448,17,1
218,2024-04-22,Torno CNC,Manhã,60.3,59.9,1095,29,14
219,2024-04-22,Injetora,Tarde,72.4,217.8,587,14,1
220,2024-04-22,Torno CNC,Manhã,63.0,69.1,636,19,60
221,2024-04-22,Prensa,Tarde,54.5,160.1,364,8,12
222,2024-04-22,Torno CNC,Tarde,46.4,63.6,701,26,12
223,2024-04-23,Solda Robotizada,Tarde,75.8,139.1,1123,13,36
224,2024-04-23,Injetora,Manhã,85.8,239.7,669,26,12
225,2024-04-23,Pintura,Tarde,36.4,77.1,886,30,4
226,2024-04-23,Solda Robotizada,Tarde,79.8,138.0,463,16,21
227,2024-04-23,Pintura,Manhã,35.8,102.7,428,9,1
228,2024-04-23,Solda Robotizada,Tarde,72.6,99.2,959,33,2
229,2024-04-23,Injetora,Noite,78.1,226.6,359,6,17
230,2024-04-24,Torno CNC,Tarde,58.9,54.3,704,22,0
231,2024-04-24,Injetora,Tarde,93.9,239.1,585,6,15
232,2024-04-24,Solda Robotizada,Manhã,72.6,104.3,314,5,38
233,2024-04-24,Prensa,Manhã,53.3,173.7,778,16,85
234,2024-04-24,Injetora,Manhã,80.9,200.4,1168,19,29
235,2024-04-25,Pintura,Manhã,36.3,85.6,362,7,4
236,2024-04-25,Injetora,Noite,94.9,255.9,1035,35,8
237,2024-04-26,Prensa,Manhã,43.2,150.5,785,11,6
238,2024-04-26,Prensa,Noite,44.0,190.1,951,30,7
239,2024-04-27,Injetora,Manhã,83.5,259.0,386,3,22
240,2024-04-27,Prensa,Manhã,49.6,190.0,1083,34,36
241,2024-04-27,Solda Robotizada,Tarde,72.1,100.0,310,10,8
242,2024-04-27,Injetora,Manhã,71.2,245.6,1117,21,0
243,2024-04-27,Torno CNC,Noite,53.1,41.6,892,27,6
244,2024-04-28,Injetora,Noite,84.6,211.5,604,22,14
245,2024-04-29,Prensa,Noite,51.7,189.7,306,10,5
246,2024-04-29,Injetora,Manhã,86.4,235.1,850,16,8
247,2024-04-29,Pintura,Noite,35.8,86.6,378,8,34
248,2024-04-29,Solda Robotizada,Manhã,74.2,113.3,848,27,5
249,2024-04-29,Injetora,Noite,89.8,245.0,996,15,12
250,2024-04-29,Torno CNC,Tarde,57.5,75.5,540,18,14
