id_venda,data,dia_semana,periodo,produto,categoria,quantidade,preco_unitario,forma_pagamento,canal,tempo_espera_min,avaliacao
1,2026-07-01,Quarta,Noite,X-Bacon,Lanche,1,29.9,Cartão,Delivery,47,3
2,2026-07-01,Quarta,Almoço,X-Bacon,Lanche,1,29.9,Pix,Balcão,10,
3,2026-07-01,Quarta,Noite,Milkshake,Sobremesa,1,16.9,Pix,Balcão,21,4
4,2026-07-01,Quarta,Almoço,Refrigerante,Bebida,3,6.9,Cartão,Balcão,23,4
5,2026-07-01,Quarta,Noite,X-Bacon,Lanche,2,29.9,Cartão,Delivery,37,
6,2026-07-01,Quarta,Almoço,Refrigerante,Bebida,1,6.9,Pix,Delivery,35,4
7,2026-07-02,Quinta,Almoço,X-Bacon,Lanche,3,29.9,Dinheiro,Delivery,27,4
8,2026-07-02,Quinta,Almoço,Refrigerante,Bebida,3,6.9,Cartão,Delivery,41,3
9,2026-07-02,Quinta,Noite,X-Bacon,Lanche,1,29.9,Cartão,Delivery,55,4
10,2026-07-02,Quinta,Noite,X-Tudo,Lanche,1,34.9,Cartão,Delivery,46,
11,2026-07-02,Quinta,Almoço,X-Tudo,Lanche,1,34.9,Pix,Balcão,18,5
12,2026-07-02,Quinta,Tarde,X-Burger,Lanche,1,22.9,Pix,Delivery,31,4
13,2026-07-02,Quinta,Noite,X-Bacon,Lanche,1,29.9,Cartão,Balcão,19,5
14,2026-07-02,Quinta,Noite,Batata Frita,Acompanhamento,1,14.9,Cartão,Balcão,16,
15,2026-07-02,Quinta,Noite,X-Burger,Lanche,2,22.9,Pix,Balcão,17,3
16,2026-07-02,Quinta,Noite,X-Salada,Lanche,1,24.9,Cartão,Delivery,46,3
17,2026-07-02,Quinta,Noite,X-Salada,Lanche,1,24.9,Cartão,Delivery,50,3
18,2026-07-03,Sexta,Noite,X-Tudo,Lanche,1,34.9,Cartão,Balcão,20,4
19,2026-07-03,Sexta,Noite,Refrigerante,Bebida,3,6.9,Cartão,Delivery,46,2
20,2026-07-03,Sexta,Noite,Milkshake,Sobremesa,2,16.9,Pix,Delivery,48,2
21,2026-07-03,Sexta,Almoço,Milkshake,Sobremesa,1,16.9,Pix,Delivery,49,3
22,2026-07-03,Sexta,Noite,X-Burger,Lanche,3,22.9,Cartão,Delivery,41,4
23,2026-07-03,Sexta,Tarde,Batata Frita,Acompanhamento,2,14.9,Cartão,Delivery,37,2
24,2026-07-03,Sexta,Tarde,Suco,Bebida,2,8.9,Pix,Balcão,14,5
25,2026-07-03,Sexta,Almoço,Refrigerante,Bebida,2,6.9,Pix,Delivery,42,3
26,2026-07-03,Sexta,Almoço,Milkshake,Sobremesa,1,16.9,Pix,Delivery,39,3
27,2026-07-03,Sexta,Noite,Batata Frita,Acompanhamento,1,14.9,Cartão,Balcão,19,4
28,2026-07-04,Sábado,Noite,X-Tudo,Lanche,2,34.9,Cartão,Balcão,11,4
29,2026-07-04,Sábado,Tarde,Batata Frita,Acompanhamento,1,14.9,Cartão,Delivery,36,4
30,2026-07-04,Sábado,Almoço,Refrigerante,Bebida,3,6.9,Pix,Delivery,42,4
31,2026-07-04,Sábado,Noite,X-Burger,Lanche,2,22.9,Pix,Delivery,25,5
32,2026-07-04,Sábado,Noite,X-Tudo,Lanche,1,34.9,Cartão,Balcão,13,4
33,2026-07-04,Sábado,Almoço,Refrigerante,Bebida,4,6.9,Pix,Delivery,26,5
34,2026-07-04,Sábado,Noite,X-Salada,Lanche,2,24.9,Cartão,Delivery,26,5
35,2026-07-04,Sábado,Noite,X-Bacon,Lanche,1,29.9,Cartão,Balcão,18,3
36,2026-07-04,Sábado,Almoço,Refrigerante,Bebida,3,6.9,Pix,Delivery,21,5
37,2026-07-04,Sábado,Noite,Refrigerante,Bebida,1,6.9,Cartão,Balcão,29,4
38,2026-07-04,Sábado,Tarde,X-Burger,Lanche,1,22.9,Dinheiro,Delivery,37,3
39,2026-07-04,Sábado,Almoço,X-Tudo,Lanche,2,34.9,Cartão,Delivery,37,4
40,2026-07-04,Sábado,Tarde,Refrigerante,Bebida,1,6.9,Dinheiro,Delivery,36,3
41,2026-07-04,Sábado,Tarde,X-Bacon,Lanche,2,29.9,Pix,Balcão,17,4
42,2026-07-04,Sábado,Tarde,X-Salada,Lanche,1,24.9,Pix,Delivery,36,4
43,2026-07-04,Sábado,Noite,X-Burger,Lanche,1,22.9,Cartão,Delivery,35,3
44,2026-07-05,Domingo,Noite,Batata Frita,Acompanhamento,1,14.9,Dinheiro,Delivery,37,
45,2026-07-05,Domingo,Almoço,X-Bacon,Lanche,1,29.9,Cartão,Delivery,23,4
46,2026-07-05,Domingo,Almoço,X-Bacon,Lanche,1,29.9,Cartão,Balcão,12,5
47,2026-07-05,Domingo,Noite,X-Tudo,Lanche,1,34.9,Dinheiro,Balcão,23,
48,2026-07-05,Domingo,Noite,Batata Frita,Acompanhamento,1,14.9,Cartão,Delivery,41,5
49,2026-07-05,Domingo,Noite,Refrigerante,Bebida,2,6.9,Pix,Balcão,14,5
50,2026-07-05,Domingo,Almoço,X-Salada,Lanche,2,24.9,Cartão,Balcão,8,4
51,2026-07-05,Domingo,Noite,X-Salada,Lanche,1,24.9,Cartão,Delivery,44,4
52,2026-07-05,Domingo,Noite,Refrigerante,Bebida,1,6.9,Cartão,Balcão,10,5
53,2026-07-05,Domingo,Noite,Milkshake,Sobremesa,1,16.9,Pix,Balcão,11,5
54,2026-07-05,Domingo,Noite,Batata Frita,Acompanhamento,1,14.9,Dinheiro,Balcão,12,4
55,2026-07-05,Domingo,Noite,X-Salada,Lanche,1,24.9,Pix,Balcão,15,5
56,2026-07-05,Domingo,Tarde,Refrigerante,Bebida,3,6.9,Cartão,Delivery,21,
57,2026-07-05,Domingo,Almoço,Refrigerante,Bebida,3,6.9,Pix,Balcão,12,5
58,2026-07-05,Domingo,Noite,Milkshake,Sobremesa,1,16.9,Cartão,Balcão,19,4
59,2026-07-05,Domingo,Almoço,Refrigerante,Bebida,1,6.9,Cartão,Delivery,48,4
60,2026-07-05,Domingo,Almoço,Batata Frita,Acompanhamento,1,14.9,Pix,Delivery,44,3
61,2026-07-06,Segunda,Noite,Refrigerante,Bebida,2,6.9,Cartão,Delivery,43,4
62,2026-07-06,Segunda,Noite,Refrigerante,Bebida,1,6.9,Cartão,Delivery,42,4
63,2026-07-06,Segunda,Almoço,X-Bacon,Lanche,1,29.9,Pix,Balcão,11,5
64,2026-07-06,Segunda,Tarde,X-Burger,Lanche,1,22.9,Pix,Delivery,34,3
65,2026-07-06,Segunda,Noite,Batata Frita,Acompanhamento,2,14.9,Cartão,Delivery,43,
66,2026-07-07,Terça,Tarde,Milkshake,Sobremesa,2,16.9,Dinheiro,Delivery,38,4
67,2026-07-07,Terça,Noite,Refrigerante,Bebida,1,6.9,Cartão,Delivery,67,2
68,2026-07-07,Terça,Noite,Refrigerante,Bebida,1,6.9,Dinheiro,Delivery,48,3
69,2026-07-07,Terça,Almoço,Refrigerante,Bebida,2,6.9,Cartão,Balcão,16,4
70,2026-07-07,Terça,Noite,Refrigerante,Bebida,3,6.9,Cartão,Delivery,43,3
71,2026-07-07,Terça,Noite,X-Salada,Lanche,1,24.9,Pix,Balcão,19,3
72,2026-07-07,Terça,Almoço,Suco,Bebida,3,8.9,Cartão,Delivery,47,
73,2026-07-07,Terça,Almoço,Batata Frita,Acompanhamento,2,14.9,Dinheiro,Balcão,11,5
74,2026-07-08,Quarta,Noite,Refrigerante,Bebida,2,6.9,Cartão,Balcão,15,5
75,2026-07-08,Quarta,Noite,Refrigerante,Bebida,4,6.9,Pix,Balcão,17,4
76,2026-07-08,Quarta,Almoço,Suco,Bebida,1,8.9,Pix,Balcão,23,4
77,2026-07-08,Quarta,Tarde,Suco,Bebida,2,8.9,Cartão,Balcão,15,5
78,2026-07-08,Quarta,Noite,X-Salada,Lanche,1,24.9,Pix,Balcão,16,5
79,2026-07-08,Quarta,Noite,X-Salada,Lanche,1,24.9,Pix,Balcão,18,5
80,2026-07-08,Quarta,Noite,Milkshake,Sobremesa,2,16.9,Pix,Balcão,17,4
81,2026-07-08,Quarta,Noite,X-Burger,Lanche,1,22.9,Pix,Delivery,48,
82,2026-07-08,Quarta,Noite,X-Burger,Lanche,1,22.9,Pix,Delivery,42,3
83,2026-07-08,Quarta,Noite,X-Tudo,Lanche,1,34.9,Cartão,Delivery,46,3
84,2026-07-09,Quinta,Almoço,Refrigerante,Bebida,1,6.9,Pix,Balcão,14,5
85,2026-07-09,Quinta,Noite,Refrigerante,Bebida,1,6.9,Cartão,Delivery,52,3
86,2026-07-09,Quinta,Noite,Batata Frita,Acompanhamento,2,14.9,Pix,Delivery,40,4
87,2026-07-09,Quinta,Noite,Milkshake,Sobremesa,1,16.9,Pix,Delivery,42,
88,2026-07-09,Quinta,Noite,Refrigerante,Bebida,1,6.9,Pix,Delivery,34,4
89,2026-07-09,Quinta,Noite,X-Burger,Lanche,2,22.9,Pix,Balcão,11,
90,2026-07-09,Quinta,Almoço,Refrigerante,Bebida,1,6.9,Pix,Delivery,41,
91,2026-07-10,Sexta,Noite,X-Tudo,Lanche,2,34.9,Pix,Balcão,20,4
92,2026-07-10,Sexta,Almoço,Refrigerante,Bebida,1,6.9,Cartão,Delivery,53,3
93,2026-07-10,Sexta,Tarde,Batata Frita,Acompanhamento,2,14.9,Dinheiro,Delivery,56,4
94,2026-07-10,Sexta,Almoço,Refrigerante,Bebida,2,6.9,Pix,Balcão,10,5
95,2026-07-10,Sexta,Almoço,X-Salada,Lanche,1,24.9,Cartão,Balcão,8,5
96,2026-07-10,Sexta,Noite,Milkshake,Sobremesa,1,16.9,Pix,Balcão,23,5
97,2026-07-10,Sexta,Noite,X-Bacon,Lanche,2,29.9,Pix,Balcão,12,4
98,2026-07-10,Sexta,Noite,X-Burger,Lanche,2,22.9,Pix,Delivery,46,3
99,2026-07-10,Sexta,Tarde,Refrigerante,Bebida,2,6.9,Dinheiro,Delivery,26,4
100,2026-07-10,Sexta,Almoço,X-Tudo,Lanche,2,34.9,Cartão,Delivery,55,3
101,2026-07-10,Sexta,Noite,Milkshake,Sobremesa,2,16.9,Pix,Balcão,14,4
102,2026-07-10,Sexta,Noite,Suco,Bebida,4,8.9,Pix,Delivery,42,3
103,2026-07-11,Sábado,Noite,Milkshake,Sobremesa,1,16.9,Cartão,Balcão,13,5
104,2026-07-11,Sábado,Tarde,X-Burger,Lanche,1,22.9,Cartão,Delivery,49,2
105,2026-07-11,Sábado,Noite,Refrigerante,Bebida,1,6.9,Pix,Delivery,41,4
106,2026-07-11,Sábado,Almoço,Batata Frita,Acompanhamento,2,14.9,Cartão,Delivery,24,3
107,2026-07-11,Sábado,Noite,Batata Frita,Acompanhamento,1,14.9,Pix,Balcão,18,5
108,2026-07-11,Sábado,Tarde,Refrigerante,Bebida,1,6.9,Cartão,Balcão,15,4
109,2026-07-11,Sábado,Tarde,X-Bacon,Lanche,1,29.9,Dinheiro,Balcão,16,4
110,2026-07-11,Sábado,Tarde,Refrigerante,Bebida,4,6.9,Pix,Delivery,44,4
111,2026-07-11,Sábado,Noite,Refrigerante,Bebida,1,6.9,Pix,Balcão,20,5
112,2026-07-11,Sábado,Noite,Refrigerante,Bebida,2,6.9,Pix,Delivery,41,3
113,2026-07-11,Sábado,Noite,Refrigerante,Bebida,1,6.9,Pix,Delivery,52,3
114,2026-07-11,Sábado,Noite,X-Burger,Lanche,1,22.9,Pix,Delivery,42,2
115,2026-07-11,Sábado,Noite,Batata Frita,Acompanhamento,2,14.9,Dinheiro,Balcão,20,5
116,2026-07-11,Sábado,Almoço,Suco,Bebida,1,8.9,Cartão,Delivery,34,4
117,2026-07-11,Sábado,Noite,X-Bacon,Lanche,1,29.9,Dinheiro,Delivery,52,3
118,2026-07-11,Sábado,Noite,X-Bacon,Lanche,2,29.9,Pix,Delivery,47,3
119,2026-07-11,Sábado,Almoço,X-Bacon,Lanche,1,29.9,Pix,Balcão,19,5
120,2026-07-11,Sábado,Noite,Refrigerante,Bebida,1,6.9,Pix,Balcão,19,4
121,2026-07-11,Sábado,Noite,Refrigerante,Bebida,2,6.9,Cartão,Balcão,18,4
122,2026-07-11,Sábado,Tarde,Batata Frita,Acompanhamento,1,14.9,Pix,Balcão,11,
123,2026-07-12,Domingo,Almoço,X-Tudo,Lanche,3,34.9,Cartão,Delivery,32,5
124,2026-07-12,Domingo,Noite,X-Bacon,Lanche,1,29.9,Cartão,Balcão,19,4
125,2026-07-12,Domingo,Almoço,Batata Frita,Acompanhamento,2,14.9,Pix,Balcão,10,
126,2026-07-12,Domingo,Almoço,Refrigerante,Bebida,3,6.9,Pix,Balcão,15,4
127,2026-07-12,Domingo,Noite,X-Bacon,Lanche,1,29.9,Cartão,Balcão,19,4
128,2026-07-12,Domingo,Noite,Refrigerante,Bebida,2,6.9,Pix,Delivery,62,
129,2026-07-12,Domingo,Noite,Batata Frita,Acompanhamento,1,14.9,Cartão,Balcão,19,3
130,2026-07-12,Domingo,Noite,X-Burger,Lanche,2,22.9,Pix,Delivery,45,3
131,2026-07-12,Domingo,Almoço,X-Burger,Lanche,1,22.9,Cartão,Balcão,21,5
132,2026-07-12,Domingo,Noite,Suco,Bebida,2,8.9,Pix,Delivery,38,3
133,2026-07-12,Domingo,Almoço,Refrigerante,Bebida,1,6.9,Pix,Delivery,37,4
134,2026-07-12,Domingo,Noite,X-Burger,Lanche,3,22.9,Pix,Balcão,23,5
135,2026-07-12,Domingo,Noite,X-Tudo,Lanche,1,34.9,Cartão,Delivery,40,3
136,2026-07-12,Domingo,Noite,Refrigerante,Bebida,1,6.9,Cartão,Balcão,17,4
137,2026-07-12,Domingo,Tarde,Refrigerante,Bebida,2,6.9,Cartão,Balcão,14,5
138,2026-07-12,Domingo,Noite,X-Burger,Lanche,1,22.9,Pix,Balcão,16,4
139,2026-07-12,Domingo,Noite,Refrigerante,Bebida,2,6.9,Pix,Balcão,5,5
140,2026-07-12,Domingo,Noite,Milkshake,Sobremesa,1,16.9,Cartão,Delivery,33,3
141,2026-07-12,Domingo,Tarde,X-Burger,Lanche,1,22.9,Pix,Delivery,48,3
142,2026-07-12,Domingo,Almoço,Milkshake,Sobremesa,1,16.9,Pix,Delivery,56,
143,2026-07-12,Domingo,Almoço,Batata Frita,Acompanhamento,1,14.9,Cartão,Delivery,38,4
144,2026-07-13,Segunda,Noite,X-Tudo,Lanche,3,34.9,Pix,Balcão,24,
145,2026-07-13,Segunda,Noite,Batata Frita,Acompanhamento,1,14.9,Cartão,Delivery,41,4
146,2026-07-13,Segunda,Noite,Batata Frita,Acompanhamento,1,14.9,Cartão,Delivery,40,3
147,2026-07-13,Segunda,Tarde,X-Tudo,Lanche,1,34.9,Pix,Balcão,14,5
148,2026-07-13,Segunda,Noite,Milkshake,Sobremesa,1,16.9,Cartão,Delivery,33,3
149,2026-07-13,Segunda,Noite,X-Tudo,Lanche,2,34.9,Cartão,Delivery,42,3
150,2026-07-13,Segunda,Noite,Refrigerante,Bebida,2,6.9,Cartão,Balcão,15,5
151,2026-07-13,Segunda,Noite,Refrigerante,Bebida,1,6.9,Cartão,Balcão,8,5
152,2026-07-13,Segunda,Almoço,Refrigerante,Bebida,4,6.9,Cartão,Balcão,15,
153,2026-07-13,Segunda,Tarde,Refrigerante,Bebida,2,6.9,Pix,Balcão,14,5
154,2026-07-13,Segunda,Almoço,X-Bacon,Lanche,2,29.9,Cartão,Balcão,14,5
155,2026-07-13,Segunda,Almoço,X-Tudo,Lanche,2,34.9,Pix,Balcão,20,4
156,2026-07-14,Terça,Noite,X-Bacon,Lanche,1,29.9,Pix,Delivery,50,3
157,2026-07-14,Terça,Noite,Batata Frita,Acompanhamento,1,14.9,Cartão,Delivery,45,
158,2026-07-14,Terça,Almoço,X-Salada,Lanche,1,24.9,Cartão,Delivery,33,
159,2026-07-14,Terça,Almoço,X-Burger,Lanche,1,22.9,Cartão,Delivery,34,4
160,2026-07-14,Terça,Noite,Batata Frita,Acompanhamento,1,14.9,Cartão,Delivery,40,4
161,2026-07-14,Terça,Noite,Suco,Bebida,2,8.9,Dinheiro,Balcão,14,5
162,2026-07-14,Terça,Tarde,Refrigerante,Bebida,2,6.9,Cartão,Delivery,33,3
163,2026-07-14,Terça,Tarde,Refrigerante,Bebida,2,6.9,Pix,Balcão,15,4
164,2026-07-14,Terça,Noite,X-Tudo,Lanche,3,34.9,Cartão,Delivery,50,3
165,2026-07-14,Terça,Almoço,Batata Frita,Acompanhamento,1,14.9,Cartão,Delivery,36,
166,2026-07-14,Terça,Almoço,X-Bacon,Lanche,1,29.9,Pix,Delivery,26,
167,2026-07-14,Terça,Noite,Milkshake,Sobremesa,1,16.9,Pix,Balcão,21,4
168,2026-07-14,Terça,Tarde,X-Bacon,Lanche,1,29.9,Cartão,Delivery,47,3
169,2026-07-15,Quarta,Noite,Refrigerante,Bebida,4,6.9,Cartão,Delivery,21,5
170,2026-07-15,Quarta,Almoço,X-Bacon,Lanche,2,29.9,Cartão,Delivery,50,4
171,2026-07-15,Quarta,Noite,Refrigerante,Bebida,1,6.9,Pix,Delivery,47,3
172,2026-07-15,Quarta,Almoço,Suco,Bebida,1,8.9,Cartão,Balcão,13,
173,2026-07-15,Quarta,Almoço,Batata Frita,Acompanhamento,3,14.9,Cartão,Balcão,9,4
174,2026-07-15,Quarta,Almoço,Milkshake,Sobremesa,1,16.9,Cartão,Delivery,23,4
175,2026-07-15,Quarta,Noite,X-Salada,Lanche,1,24.9,Cartão,Delivery,43,3
176,2026-07-15,Quarta,Almoço,X-Salada,Lanche,1,24.9,Cartão,Delivery,43,4
177,2026-07-15,Quarta,Almoço,X-Salada,Lanche,1,24.9,Cartão,Balcão,19,4
178,2026-07-15,Quarta,Almoço,X-Bacon,Lanche,1,29.9,Cartão,Balcão,15,4
179,2026-07-15,Quarta,Almoço,Milkshake,Sobremesa,1,16.9,Cartão,Delivery,37,3
180,2026-07-16,Quinta,Tarde,Refrigerante,Bebida,3,6.9,Pix,Delivery,49,3
181,2026-07-16,Quinta,Noite,X-Burger,Lanche,1,22.9,Cartão,Delivery,48,3
182,2026-07-16,Quinta,Noite,Suco,Bebida,1,8.9,Pix,Delivery,54,2
183,2026-07-16,Quinta,Almoço,X-Tudo,Lanche,1,34.9,Cartão,Delivery,48,3
184,2026-07-16,Quinta,Almoço,X-Burger,Lanche,1,22.9,Pix,Delivery,43,2
185,2026-07-16,Quinta,Noite,X-Burger,Lanche,1,22.9,Cartão,Balcão,16,4
186,2026-07-16,Quinta,Noite,Milkshake,Sobremesa,1,16.9,Cartão,Balcão,10,4
187,2026-07-16,Quinta,Noite,Batata Frita,Acompanhamento,2,14.9,Cartão,Delivery,34,4
188,2026-07-16,Quinta,Almoço,X-Bacon,Lanche,1,29.9,Pix,Balcão,13,5
189,2026-07-16,Quinta,Almoço,X-Bacon,Lanche,1,29.9,Cartão,Delivery,33,4
190,2026-07-16,Quinta,Noite,X-Burger,Lanche,1,22.9,Cartão,Balcão,20,5
191,2026-07-16,Quinta,Tarde,Milkshake,Sobremesa,2,16.9,Pix,Balcão,20,5
192,2026-07-16,Quinta,Noite,X-Bacon,Lanche,1,29.9,Pix,Delivery,42,4
193,2026-07-16,Quinta,Noite,X-Burger,Lanche,2,22.9,Pix,Delivery,37,3
194,2026-07-16,Quinta,Almoço,X-Tudo,Lanche,1,34.9,Cartão,Balcão,15,5
195,2026-07-16,Quinta,Noite,X-Bacon,Lanche,1,29.9,Pix,Delivery,45,4
196,2026-07-16,Quinta,Noite,Refrigerante,Bebida,1,6.9,Cartão,Balcão,21,4
197,2026-07-17,Sexta,Noite,Refrigerante,Bebida,2,6.9,Pix,Balcão,21,4
198,2026-07-17,Sexta,Almoço,X-Burger,Lanche,2,22.9,Cartão,Delivery,40,4
199,2026-07-17,Sexta,Noite,X-Salada,Lanche,1,24.9,Cartão,Balcão,13,4
200,2026-07-17,Sexta,Noite,Milkshake,Sobremesa,1,16.9,Cartão,Balcão,17,5
201,2026-07-17,Sexta,Almoço,X-Salada,Lanche,1,24.9,Pix,Balcão,16,5
202,2026-07-17,Sexta,Noite,Refrigerante,Bebida,4,6.9,Pix,Delivery,51,3
203,2026-07-17,Sexta,Almoço,X-Bacon,Lanche,1,29.9,Pix,Balcão,20,4
204,2026-07-17,Sexta,Tarde,Refrigerante,Bebida,2,6.9,Cartão,Delivery,33,4
205,2026-07-17,Sexta,Almoço,X-Bacon,Lanche,1,29.9,Cartão,Delivery,45,4
206,2026-07-17,Sexta,Noite,X-Bacon,Lanche,1,29.9,Cartão,Balcão,15,5
207,2026-07-17,Sexta,Almoço,Suco,Bebida,2,8.9,Dinheiro,Balcão,15,5
208,2026-07-17,Sexta,Noite,Milkshake,Sobremesa,1,16.9,Dinheiro,Balcão,16,4
209,2026-07-17,Sexta,Almoço,X-Salada,Lanche,3,24.9,Dinheiro,Delivery,46,3
210,2026-07-17,Sexta,Almoço,Batata Frita,Acompanhamento,1,14.9,Cartão,Delivery,59,3
211,2026-07-17,Sexta,Almoço,Refrigerante,Bebida,2,6.9,Cartão,Delivery,61,
212,2026-07-17,Sexta,Noite,X-Bacon,Lanche,1,29.9,Pix,Delivery,56,3
213,2026-07-17,Sexta,Almoço,X-Bacon,Lanche,2,29.9,Cartão,Delivery,35,4
214,2026-07-17,Sexta,Noite,Batata Frita,Acompanhamento,1,14.9,Pix,Delivery,38,4
215,2026-07-17,Sexta,Noite,X-Bacon,Lanche,1,29.9,Cartão,Balcão,24,4
216,2026-07-17,Sexta,Noite,X-Bacon,Lanche,1,29.9,Cartão,Delivery,52,3
217,2026-07-17,Sexta,Tarde,Refrigerante,Bebida,2,6.9,Pix,Delivery,50,3
218,2026-07-17,Sexta,Noite,X-Bacon,Lanche,2,29.9,Cartão,Delivery,41,4
219,2026-07-17,Sexta,Tarde,Refrigerante,Bebida,1,6.9,Pix,Balcão,15,4
220,2026-07-18,Sábado,Tarde,Refrigerante,Bebida,2,6.9,Pix,Balcão,10,5
221,2026-07-18,Sábado,Almoço,Batata Frita,Acompanhamento,1,14.9,Cartão,Delivery,52,3
222,2026-07-18,Sábado,Noite,Suco,Bebida,2,8.9,Pix,Balcão,18,4
223,2026-07-18,Sábado,Noite,X-Burger,Lanche,1,22.9,Cartão,Delivery,43,3
224,2026-07-18,Sábado,Tarde,X-Bacon,Lanche,1,29.9,Dinheiro,Delivery,41,3
225,2026-07-18,Sábado,Noite,X-Salada,Lanche,1,24.9,Pix,Delivery,34,3
226,2026-07-18,Sábado,Almoço,Refrigerante,Bebida,3,6.9,Pix,Balcão,12,5
227,2026-07-18,Sábado,Noite,Refrigerante,Bebida,1,6.9,Pix,Balcão,17,5
228,2026-07-18,Sábado,Noite,Batata Frita,Acompanhamento,1,14.9,Cartão,Delivery,46,2
229,2026-07-18,Sábado,Noite,X-Bacon,Lanche,3,29.9,Pix,Balcão,18,5
230,2026-07-18,Sábado,Almoço,Batata Frita,Acompanhamento,2,14.9,Cartão,Balcão,13,5
231,2026-07-18,Sábado,Almoço,Suco,Bebida,1,8.9,Pix,Delivery,46,3
232,2026-07-18,Sábado,Almoço,X-Burger,Lanche,3,22.9,Pix,Balcão,19,5
233,2026-07-18,Sábado,Noite,Batata Frita,Acompanhamento,2,14.9,Pix,Balcão,15,3
234,2026-07-18,Sábado,Tarde,Refrigerante,Bebida,1,6.9,Pix,Delivery,42,
235,2026-07-18,Sábado,Tarde,Refrigerante,Bebida,2,6.9,Dinheiro,Delivery,30,
236,2026-07-18,Sábado,Noite,X-Burger,Lanche,1,22.9,Dinheiro,Delivery,52,3
237,2026-07-18,Sábado,Almoço,Refrigerante,Bebida,2,6.9,Pix,Delivery,25,4
238,2026-07-18,Sábado,Noite,Milkshake,Sobremesa,2,16.9,Cartão,Balcão,12,4
239,2026-07-18,Sábado,Almoço,X-Salada,Lanche,2,24.9,Cartão,Balcão,13,4
240,2026-07-18,Sábado,Noite,X-Bacon,Lanche,1,29.9,Cartão,Balcão,20,5
241,2026-07-19,Domingo,Noite,X-Salada,Lanche,3,24.9,Pix,Balcão,16,
242,2026-07-19,Domingo,Tarde,Suco,Bebida,1,8.9,Dinheiro,Delivery,40,3
243,2026-07-19,Domingo,Almoço,X-Bacon,Lanche,2,29.9,Pix,Balcão,11,4
244,2026-07-19,Domingo,Noite,Suco,Bebida,1,8.9,Cartão,Delivery,55,3
245,2026-07-19,Domingo,Tarde,X-Bacon,Lanche,1,29.9,Dinheiro,Balcão,13,5
246,2026-07-19,Domingo,Noite,X-Burger,Lanche,2,22.9,Pix,Delivery,42,3
247,2026-07-19,Domingo,Noite,Batata Frita,Acompanhamento,2,14.9,Cartão,Delivery,34,4
248,2026-07-19,Domingo,Noite,X-Bacon,Lanche,1,29.9,Cartão,Balcão,18,5
249,2026-07-19,Domingo,Noite,Batata Frita,Acompanhamento,2,14.9,Dinheiro,Balcão,25,3
250,2026-07-19,Domingo,Tarde,Batata Frita,Acompanhamento,2,14.9,Pix,Delivery,26,3
251,2026-07-19,Domingo,Noite,X-Bacon,Lanche,1,29.9,Cartão,Balcão,14,5
252,2026-07-19,Domingo,Tarde,X-Tudo,Lanche,2,34.9,Pix,Balcão,15,4
253,2026-07-19,Domingo,Noite,Suco,Bebida,2,8.9,Pix,Delivery,29,4
254,2026-07-19,Domingo,Noite,X-Salada,Lanche,1,24.9,Dinheiro,Delivery,34,4
255,2026-07-19,Domingo,Noite,Refrigerante,Bebida,2,6.9,Pix,Delivery,54,3
256,2026-07-19,Domingo,Almoço,Batata Frita,Acompanhamento,2,14.9,Pix,Balcão,13,4
257,2026-07-20,Segunda,Noite,Batata Frita,Acompanhamento,1,14.9,Pix,Delivery,47,2
258,2026-07-20,Segunda,Noite,X-Salada,Lanche,1,24.9,Pix,Delivery,42,2
259,2026-07-20,Segunda,Tarde,X-Salada,Lanche,1,24.9,Pix,Delivery,36,4
260,2026-07-20,Segunda,Noite,X-Bacon,Lanche,1,29.9,Pix,Delivery,45,3
261,2026-07-20,Segunda,Noite,X-Tudo,Lanche,2,34.9,Cartão,Delivery,54,4
262,2026-07-20,Segunda,Noite,X-Salada,Lanche,1,24.9,Pix,Balcão,23,4
263,2026-07-20,Segunda,Tarde,Suco,Bebida,1,8.9,Pix,Delivery,46,3
264,2026-07-20,Segunda,Noite,X-Burger,Lanche,2,22.9,Pix,Delivery,48,3
265,2026-07-20,Segunda,Almoço,X-Salada,Lanche,3,24.9,Pix,Delivery,36,4
266,2026-07-20,Segunda,Almoço,X-Salada,Lanche,1,24.9,Dinheiro,Balcão,11,5
267,2026-07-21,Terça,Tarde,X-Salada,Lanche,1,24.9,Pix,Balcão,19,5
268,2026-07-21,Terça,Noite,Refrigerante,Bebida,2,6.9,Pix,Balcão,18,5
269,2026-07-21,Terça,Noite,X-Tudo,Lanche,1,34.9,Pix,Delivery,52,3
270,2026-07-21,Terça,Almoço,Milkshake,Sobremesa,1,16.9,Cartão,Delivery,46,4
271,2026-07-21,Terça,Noite,Milkshake,Sobremesa,1,16.9,Pix,Delivery,45,3
272,2026-07-21,Terça,Noite,Batata Frita,Acompanhamento,1,14.9,Cartão,Balcão,14,
273,2026-07-21,Terça,Noite,Milkshake,Sobremesa,3,16.9,Cartão,Balcão,24,5
274,2026-07-21,Terça,Tarde,X-Burger,Lanche,1,22.9,Cartão,Balcão,11,
275,2026-07-21,Terça,Noite,Refrigerante,Bebida,3,6.9,Cartão,Delivery,39,4
276,2026-07-22,Quarta,Noite,X-Burger,Lanche,2,22.9,Cartão,Delivery,47,3
277,2026-07-22,Quarta,Noite,Refrigerante,Bebida,2,6.9,Cartão,Delivery,50,3
278,2026-07-22,Quarta,Tarde,X-Burger,Lanche,2,22.9,Cartão,Balcão,10,5
279,2026-07-22,Quarta,Noite,Milkshake,Sobremesa,2,16.9,Cartão,Delivery,47,3
280,2026-07-22,Quarta,Noite,Refrigerante,Bebida,2,6.9,Cartão,Delivery,56,2
281,2026-07-22,Quarta,Noite,Milkshake,Sobremesa,1,16.9,Cartão,Delivery,51,
282,2026-07-22,Quarta,Noite,Milkshake,Sobremesa,1,16.9,Cartão,Delivery,52,2
283,2026-07-22,Quarta,Noite,X-Salada,Lanche,1,24.9,Cartão,Delivery,45,3
284,2026-07-22,Quarta,Almoço,Refrigerante,Bebida,1,6.9,Pix,Delivery,32,4
285,2026-07-22,Quarta,Noite,X-Bacon,Lanche,1,29.9,Cartão,Delivery,26,4
286,2026-07-23,Quinta,Almoço,Refrigerante,Bebida,1,6.9,Cartão,Delivery,37,4
287,2026-07-23,Quinta,Almoço,Batata Frita,Acompanhamento,1,14.9,Pix,Delivery,31,3
288,2026-07-23,Quinta,Almoço,Suco,Bebida,4,8.9,Cartão,Delivery,35,4
289,2026-07-23,Quinta,Almoço,X-Tudo,Lanche,1,34.9,Cartão,Balcão,8,5
290,2026-07-23,Quinta,Tarde,Batata Frita,Acompanhamento,1,14.9,Pix,Balcão,11,5
291,2026-07-23,Quinta,Tarde,Refrigerante,Bebida,2,6.9,Dinheiro,Delivery,46,
292,2026-07-23,Quinta,Noite,X-Burger,Lanche,2,22.9,Dinheiro,Delivery,38,3
293,2026-07-23,Quinta,Noite,Suco,Bebida,2,8.9,Cartão,Balcão,16,3
294,2026-07-23,Quinta,Tarde,Suco,Bebida,2,8.9,Cartão,Balcão,15,5
295,2026-07-23,Quinta,Tarde,X-Bacon,Lanche,1,29.9,Dinheiro,Balcão,5,5
296,2026-07-23,Quinta,Almoço,X-Salada,Lanche,1,24.9,Cartão,Delivery,38,3
297,2026-07-23,Quinta,Noite,X-Burger,Lanche,2,22.9,Pix,Delivery,36,3
298,2026-07-23,Quinta,Almoço,X-Burger,Lanche,1,22.9,Cartão,Delivery,35,3
299,2026-07-23,Quinta,Noite,X-Bacon,Lanche,2,29.9,Pix,Delivery,34,4
300,2026-07-23,Quinta,Noite,Refrigerante,Bebida,1,6.9,Pix,Balcão,20,4
301,2026-07-23,Quinta,Almoço,X-Burger,Lanche,1,22.9,Pix,Delivery,49,
302,2026-07-23,Quinta,Almoço,Refrigerante,Bebida,1,6.9,Dinheiro,Balcão,5,5
303,2026-07-23,Quinta,Almoço,X-Salada,Lanche,1,24.9,Pix,Balcão,9,5
304,2026-07-24,Sexta,Noite,Suco,Bebida,1,8.9,Cartão,Delivery,47,2
305,2026-07-24,Sexta,Noite,Suco,Bebida,3,8.9,Pix,Balcão,21,4
306,2026-07-24,Sexta,Tarde,X-Salada,Lanche,1,24.9,Pix,Delivery,30,4
307,2026-07-24,Sexta,Noite,X-Burger,Lanche,1,22.9,Cartão,Delivery,40,3
308,2026-07-24,Sexta,Almoço,Refrigerante,Bebida,3,6.9,Pix,Delivery,37,3
309,2026-07-24,Sexta,Tarde,Refrigerante,Bebida,1,6.9,Pix,Balcão,11,4
310,2026-07-24,Sexta,Noite,X-Bacon,Lanche,2,29.9,Cartão,Delivery,50,3
311,2026-07-24,Sexta,Tarde,Refrigerante,Bebida,2,6.9,Pix,Balcão,6,5
312,2026-07-24,Sexta,Tarde,Milkshake,Sobremesa,1,16.9,Cartão,Balcão,20,5
313,2026-07-24,Sexta,Noite,X-Bacon,Lanche,1,29.9,Cartão,Delivery,35,4
314,2026-07-24,Sexta,Almoço,Batata Frita,Acompanhamento,2,14.9,Cartão,Balcão,18,4
315,2026-07-24,Sexta,Noite,Batata Frita,Acompanhamento,1,14.9,Pix,Delivery,37,4
316,2026-07-24,Sexta,Almoço,Refrigerante,Bebida,1,6.9,Pix,Balcão,26,4
317,2026-07-24,Sexta,Noite,X-Salada,Lanche,1,24.9,Cartão,Balcão,21,4
318,2026-07-24,Sexta,Noite,X-Tudo,Lanche,2,34.9,Cartão,Delivery,55,
319,2026-07-24,Sexta,Noite,Refrigerante,Bebida,1,6.9,Pix,Delivery,30,3
320,2026-07-24,Sexta,Almoço,Refrigerante,Bebida,1,6.9,Cartão,Balcão,13,4
321,2026-07-24,Sexta,Noite,Batata Frita,Acompanhamento,1,14.9,Dinheiro,Delivery,39,4
322,2026-07-25,Sábado,Noite,X-Bacon,Lanche,1,29.9,Cartão,Balcão,20,4
323,2026-07-25,Sábado,Almoço,X-Salada,Lanche,1,24.9,Cartão,Delivery,32,3
324,2026-07-25,Sábado,Noite,X-Burger,Lanche,1,22.9,Pix,Delivery,31,4
325,2026-07-25,Sábado,Noite,X-Burger,Lanche,2,22.9,Cartão,Balcão,11,5
326,2026-07-25,Sábado,Almoço,X-Burger,Lanche,2,22.9,Cartão,Delivery,40,
327,2026-07-25,Sábado,Almoço,X-Tudo,Lanche,1,34.9,Cartão,Delivery,36,3
328,2026-07-25,Sábado,Almoço,Refrigerante,Bebida,1,6.9,Pix,Balcão,9,5
329,2026-07-25,Sábado,Noite,X-Burger,Lanche,1,22.9,Cartão,Balcão,16,5
330,2026-07-25,Sábado,Noite,Batata Frita,Acompanhamento,1,14.9,Cartão,Delivery,60,4
331,2026-07-25,Sábado,Noite,Refrigerante,Bebida,1,6.9,Cartão,Balcão,23,4
332,2026-07-25,Sábado,Noite,X-Burger,Lanche,1,22.9,Pix,Delivery,54,3
333,2026-07-25,Sábado,Noite,X-Burger,Lanche,1,22.9,Cartão,Delivery,45,4
334,2026-07-25,Sábado,Almoço,X-Salada,Lanche,2,24.9,Pix,Balcão,13,5
335,2026-07-25,Sábado,Noite,Suco,Bebida,1,8.9,Pix,Delivery,40,4
336,2026-07-25,Sábado,Almoço,X-Bacon,Lanche,1,29.9,Pix,Balcão,21,3
337,2026-07-25,Sábado,Noite,Milkshake,Sobremesa,1,16.9,Pix,Balcão,12,5
338,2026-07-25,Sábado,Noite,Refrigerante,Bebida,1,6.9,Pix,Balcão,20,4
339,2026-07-25,Sábado,Noite,Milkshake,Sobremesa,1,16.9,Pix,Delivery,56,2
340,2026-07-26,Domingo,Tarde,X-Salada,Lanche,1,24.9,Pix,Delivery,45,3
341,2026-07-26,Domingo,Noite,Milkshake,Sobremesa,1,16.9,Dinheiro,Balcão,12,5
342,2026-07-26,Domingo,Noite,Refrigerante,Bebida,2,6.9,Cartão,Balcão,21,5
343,2026-07-26,Domingo,Tarde,X-Salada,Lanche,3,24.9,Cartão,Delivery,37,4
344,2026-07-26,Domingo,Almoço,X-Burger,Lanche,1,22.9,Dinheiro,Delivery,42,3
345,2026-07-26,Domingo,Noite,X-Salada,Lanche,1,24.9,Pix,Balcão,24,5
346,2026-07-26,Domingo,Noite,Suco,Bebida,1,8.9,Pix,Balcão,19,5
347,2026-07-26,Domingo,Noite,X-Burger,Lanche,1,22.9,Pix,Balcão,23,5
348,2026-07-26,Domingo,Noite,Refrigerante,Bebida,2,6.9,Cartão,Delivery,39,3
349,2026-07-26,Domingo,Noite,Refrigerante,Bebida,1,6.9,Pix,Delivery,32,4
350,2026-07-26,Domingo,Almoço,X-Bacon,Lanche,1,29.9,Cartão,Balcão,15,5
351,2026-07-26,Domingo,Almoço,X-Salada,Lanche,1,24.9,Pix,Delivery,54,2
352,2026-07-26,Domingo,Noite,Milkshake,Sobremesa,1,16.9,Cartão,Balcão,12,4
353,2026-07-26,Domingo,Almoço,X-Bacon,Lanche,1,29.9,Pix,Balcão,22,4
354,2026-07-26,Domingo,Almoço,Milkshake,Sobremesa,1,16.9,Pix,Delivery,19,5
355,2026-07-26,Domingo,Almoço,Batata Frita,Acompanhamento,1,14.9,Pix,Delivery,25,3
356,2026-07-26,Domingo,Tarde,X-Burger,Lanche,1,22.9,Cartão,Delivery,50,4
357,2026-07-26,Domingo,Almoço,Refrigerante,Bebida,2,6.9,Pix,Balcão,14,4
358,2026-07-27,Segunda,Noite,Refrigerante,Bebida,2,6.9,Cartão,Balcão,27,5
359,2026-07-27,Segunda,Almoço,Milkshake,Sobremesa,2,16.9,Pix,Delivery,28,5
360,2026-07-27,Segunda,Noite,Batata Frita,Acompanhamento,1,14.9,Cartão,Balcão,21,5
361,2026-07-27,Segunda,Almoço,X-Bacon,Lanche,1,29.9,Pix,Balcão,10,5
362,2026-07-27,Segunda,Noite,Batata Frita,Acompanhamento,1,14.9,Cartão,Delivery,38,4
363,2026-07-28,Terça,Noite,X-Burger,Lanche,2,22.9,Pix,Delivery,36,5
364,2026-07-28,Terça,Noite,X-Burger,Lanche,1,22.9,Pix,Delivery,19,3
365,2026-07-28,Terça,Tarde,X-Burger,Lanche,1,22.9,Cartão,Balcão,9,4
366,2026-07-28,Terça,Tarde,X-Burger,Lanche,1,22.9,Pix,Delivery,25,4
367,2026-07-28,Terça,Noite,X-Salada,Lanche,3,24.9,Cartão,Balcão,18,4
368,2026-07-28,Terça,Noite,Batata Frita,Acompanhamento,1,14.9,Pix,Balcão,17,5
369,2026-07-28,Terça,Noite,Milkshake,Sobremesa,2,16.9,Pix,Balcão,13,5
370,2026-07-28,Terça,Noite,Refrigerante,Bebida,1,6.9,Pix,Delivery,48,3
371,2026-07-28,Terça,Noite,Refrigerante,Bebida,1,6.9,Cartão,Delivery,51,2
372,2026-07-28,Terça,Almoço,Batata Frita,Acompanhamento,1,14.9,Pix,Delivery,45,3
373,2026-07-28,Terça,Noite,Suco,Bebida,3,8.9,Cartão,Delivery,51,
374,2026-07-28,Terça,Noite,Batata Frita,Acompanhamento,1,14.9,Cartão,Balcão,14,4
375,2026-07-29,Quarta,Almoço,X-Salada,Lanche,3,24.9,Pix,Balcão,14,4
376,2026-07-29,Quarta,Almoço,Refrigerante,Bebida,1,6.9,Cartão,Balcão,16,5
377,2026-07-29,Quarta,Noite,X-Burger,Lanche,1,22.9,Pix,Balcão,18,3
378,2026-07-29,Quarta,Almoço,Refrigerante,Bebida,1,6.9,Cartão,Balcão,8,5
379,2026-07-29,Quarta,Noite,X-Tudo,Lanche,2,34.9,Dinheiro,Delivery,37,3
380,2026-07-29,Quarta,Noite,X-Burger,Lanche,1,22.9,Pix,Balcão,15,5
381,2026-07-29,Quarta,Tarde,Batata Frita,Acompanhamento,1,14.9,Dinheiro,Balcão,16,5
382,2026-07-30,Quinta,Almoço,X-Burger,Lanche,1,22.9,Dinheiro,Balcão,19,5
383,2026-07-30,Quinta,Almoço,X-Bacon,Lanche,1,29.9,Pix,Delivery,38,4
384,2026-07-30,Quinta,Almoço,Batata Frita,Acompanhamento,1,14.9,Cartão,Delivery,51,2
385,2026-07-30,Quinta,Almoço,Batata Frita,Acompanhamento,2,14.9,Pix,Balcão,15,5
386,2026-07-30,Quinta,Tarde,X-Bacon,Lanche,2,29.9,Pix,Balcão,16,4
387,2026-07-30,Quinta,Noite,Milkshake,Sobremesa,3,16.9,Cartão,Balcão,15,5
388,2026-07-30,Quinta,Tarde,Batata Frita,Acompanhamento,1,14.9,Pix,Delivery,46,3
389,2026-07-30,Quinta,Noite,Refrigerante,Bebida,4,6.9,Pix,Delivery,38,4
390,2026-07-30,Quinta,Almoço,X-Salada,Lanche,1,24.9,Pix,Delivery,37,4
391,2026-07-30,Quinta,Tarde,Milkshake,Sobremesa,1,16.9,Dinheiro,Delivery,58,3
392,2026-07-30,Quinta,Almoço,X-Bacon,Lanche,2,29.9,Pix,Balcão,9,4
393,2026-07-31,Sexta,Tarde,Batata Frita,Acompanhamento,1,14.9,Dinheiro,Balcão,16,
394,2026-07-31,Sexta,Noite,X-Salada,Lanche,1,24.9,Pix,Delivery,25,4
395,2026-07-31,Sexta,Noite,Batata Frita,Acompanhamento,1,14.9,Pix,Delivery,34,4
396,2026-07-31,Sexta,Almoço,Refrigerante,Bebida,1,6.9,Cartão,Delivery,33,4
397,2026-07-31,Sexta,Noite,X-Salada,Lanche,1,24.9,Dinheiro,Balcão,22,4
398,2026-07-31,Sexta,Noite,X-Bacon,Lanche,1,29.9,Cartão,Delivery,36,5
399,2026-07-31,Sexta,Almoço,Refrigerante,Bebida,4,6.9,Cartão,Balcão,14,5
400,2026-07-31,Sexta,Noite,Batata Frita,Acompanhamento,1,14.9,Cartão,Delivery,52,3
401,2026-07-31,Sexta,Noite,Refrigerante,Bebida,2,6.9,Cartão,Delivery,50,3
402,2026-07-31,Sexta,Noite,Milkshake,Sobremesa,3,16.9,Cartão,Delivery,50,3
403,2026-07-31,Sexta,Noite,Milkshake,Sobremesa,1,16.9,Cartão,Delivery,50,
404,2026-07-31,Sexta,Almoço,Refrigerante,Bebida,1,6.9,Cartão,Balcão,16,4
405,2026-07-31,Sexta,Almoço,Milkshake,Sobremesa,2,16.9,Cartão,Delivery,27,4
406,2026-07-31,Sexta,Noite,Refrigerante,Bebida,2,6.9,Cartão,Delivery,35,5
407,2026-07-31,Sexta,Noite,X-Bacon,Lanche,1,29.9,Pix,Balcão,18,4
408,2026-07-31,Sexta,Tarde,Suco,Bebida,2,8.9,Cartão,Balcão,22,4
409,2026-08-01,Sábado,Noite,X-Tudo,Lanche,1,34.9,Cartão,Delivery,56,3
410,2026-08-01,Sábado,Tarde,X-Bacon,Lanche,2,29.9,Pix,Delivery,58,3
411,2026-08-01,Sábado,Almoço,Suco,Bebida,1,8.9,Cartão,Delivery,37,3
412,2026-08-01,Sábado,Noite,Batata Frita,Acompanhamento,2,14.9,Pix,Delivery,40,3
413,2026-08-01,Sábado,Noite,Refrigerante,Bebida,2,6.9,Pix,Balcão,21,
414,2026-08-01,Sábado,Noite,Refrigerante,Bebida,2,6.9,Pix,Delivery,44,3
415,2026-08-01,Sábado,Almoço,Milkshake,Sobremesa,1,16.9,Cartão,Delivery,29,
416,2026-08-01,Sábado,Tarde,X-Burger,Lanche,1,22.9,Pix,Balcão,6,5
417,2026-08-01,Sábado,Almoço,Batata Frita,Acompanhamento,1,14.9,Pix,Delivery,53,3
418,2026-08-01,Sábado,Noite,Batata Frita,Acompanhamento,1,14.9,Pix,Balcão,15,5
419,2026-08-01,Sábado,Tarde,Batata Frita,Acompanhamento,1,14.9,Cartão,Delivery,49,3
420,2026-08-01,Sábado,Noite,Milkshake,Sobremesa,1,16.9,Cartão,Delivery,32,5
421,2026-08-01,Sábado,Tarde,Refrigerante,Bebida,3,6.9,Pix,Delivery,24,3
422,2026-08-01,Sábado,Almoço,Refrigerante,Bebida,1,6.9,Cartão,Delivery,34,4
423,2026-08-01,Sábado,Noite,X-Burger,Lanche,1,22.9,Cartão,Balcão,16,5
424,2026-08-01,Sábado,Noite,Refrigerante,Bebida,2,6.9,Pix,Balcão,21,5
425,2026-08-01,Sábado,Almoço,Batata Frita,Acompanhamento,1,14.9,Pix,Balcão,10,5
426,2026-08-01,Sábado,Noite,Milkshake,Sobremesa,1,16.9,Cartão,Delivery,51,3
427,2026-08-02,Domingo,Noite,X-Bacon,Lanche,1,29.9,Pix,Balcão,19,5
428,2026-08-02,Domingo,Almoço,Suco,Bebida,2,8.9,Pix,Delivery,36,4
429,2026-08-02,Domingo,Noite,Batata Frita,Acompanhamento,1,14.9,Cartão,Balcão,16,
430,2026-08-02,Domingo,Noite,Suco,Bebida,1,8.9,Pix,Delivery,49,2
431,2026-08-02,Domingo,Noite,X-Burger,Lanche,2,22.9,Dinheiro,Balcão,15,4
432,2026-08-02,Domingo,Noite,Milkshake,Sobremesa,2,16.9,Pix,Balcão,20,4
433,2026-08-02,Domingo,Noite,X-Bacon,Lanche,1,29.9,Cartão,Delivery,37,3
434,2026-08-02,Domingo,Tarde,Refrigerante,Bebida,3,6.9,Dinheiro,Delivery,42,4
435,2026-08-02,Domingo,Almoço,X-Tudo,Lanche,1,34.9,Cartão,Balcão,15,5
436,2026-08-02,Domingo,Noite,X-Salada,Lanche,1,24.9,Cartão,Balcão,24,4
437,2026-08-02,Domingo,Almoço,Milkshake,Sobremesa,1,16.9,Pix,Delivery,43,3
438,2026-08-02,Domingo,Noite,X-Burger,Lanche,1,22.9,Pix,Balcão,16,4
439,2026-08-02,Domingo,Noite,Refrigerante,Bebida,3,6.9,Dinheiro,Delivery,40,3
440,2026-08-02,Domingo,Noite,Refrigerante,Bebida,1,6.9,Cartão,Delivery,44,3
441,2026-08-02,Domingo,Noite,Batata Frita,Acompanhamento,1,14.9,Dinheiro,Delivery,59,2
442,2026-08-02,Domingo,Tarde,Batata Frita,Acompanhamento,1,14.9,Pix,Balcão,15,
443,2026-08-02,Domingo,Noite,X-Bacon,Lanche,2,29.9,Cartão,Balcão,20,5
444,2026-08-02,Domingo,Noite,X-Bacon,Lanche,1,29.9,Pix,Delivery,48,3
445,2026-08-03,Segunda,Noite,Batata Frita,Acompanhamento,2,14.9,Cartão,Balcão,14,5
446,2026-08-03,Segunda,Noite,X-Tudo,Lanche,2,34.9,Pix,Balcão,12,4
447,2026-08-03,Segunda,Tarde,Milkshake,Sobremesa,1,16.9,Cartão,Delivery,46,3
448,2026-08-03,Segunda,Noite,X-Tudo,Lanche,1,34.9,Dinheiro,Delivery,29,3
449,2026-08-03,Segunda,Noite,Suco,Bebida,3,8.9,Cartão,Delivery,42,3
450,2026-08-03,Segunda,Noite,Refrigerante,Bebida,3,6.9,Pix,Delivery,45,4
451,2026-08-03,Segunda,Tarde,X-Bacon,Lanche,2,29.9,Cartão,Balcão,16,4
452,2026-08-03,Segunda,Noite,Refrigerante,Bebida,2,6.9,Dinheiro,Delivery,51,3
453,2026-08-03,Segunda,Noite,X-Salada,Lanche,1,24.9,Cartão,Balcão,10,5
454,2026-08-03,Segunda,Almoço,Refrigerante,Bebida,4,6.9,Dinheiro,Delivery,42,5
455,2026-08-03,Segunda,Noite,Refrigerante,Bebida,1,6.9,Pix,Delivery,50,4
456,2026-08-03,Segunda,Noite,X-Salada,Lanche,1,24.9,Pix,Delivery,47,3
457,2026-08-03,Segunda,Noite,Batata Frita,Acompanhamento,1,14.9,Cartão,Balcão,15,4
458,2026-08-03,Segunda,Noite,X-Bacon,Lanche,2,29.9,Cartão,Balcão,10,5
459,2026-08-03,Segunda,Almoço,Refrigerante,Bebida,2,6.9,Pix,Balcão,15,5
460,2026-08-03,Segunda,Noite,Milkshake,Sobremesa,1,16.9,Pix,Delivery,35,4
461,2026-08-03,Segunda,Tarde,X-Bacon,Lanche,2,29.9,Pix,Delivery,52,3
462,2026-08-03,Segunda,Noite,X-Bacon,Lanche,1,29.9,Cartão,Balcão,19,4
463,2026-08-03,Segunda,Noite,X-Burger,Lanche,3,22.9,Pix,Delivery,46,3
464,2026-08-04,Terça,Noite,Batata Frita,Acompanhamento,1,14.9,Cartão,Balcão,18,5
465,2026-08-04,Terça,Almoço,X-Bacon,Lanche,1,29.9,Cartão,Delivery,45,4
466,2026-08-04,Terça,Noite,Batata Frita,Acompanhamento,1,14.9,Dinheiro,Balcão,24,5
467,2026-08-04,Terça,Noite,X-Burger,Lanche,1,22.9,Cartão,Delivery,38,
468,2026-08-04,Terça,Noite,X-Salada,Lanche,1,24.9,Cartão,Balcão,21,4
469,2026-08-04,Terça,Noite,X-Salada,Lanche,1,24.9,Pix,Delivery,38,4
470,2026-08-04,Terça,Noite,X-Bacon,Lanche,1,29.9,Cartão,Balcão,18,4
471,2026-08-04,Terça,Noite,X-Burger,Lanche,1,22.9,Cartão,Balcão,23,4
472,2026-08-04,Terça,Noite,Refrigerante,Bebida,2,6.9,Pix,Delivery,36,3
473,2026-08-05,Quarta,Noite,X-Tudo,Lanche,2,34.9,Pix,Delivery,27,5
474,2026-08-05,Quarta,Tarde,X-Salada,Lanche,2,24.9,Pix,Delivery,45,4
475,2026-08-05,Quarta,Noite,X-Bacon,Lanche,1,29.9,Cartão,Balcão,15,5
476,2026-08-05,Quarta,Noite,X-Burger,Lanche,2,22.9,Dinheiro,Delivery,46,2
477,2026-08-05,Quarta,Almoço,Refrigerante,Bebida,1,6.9,Pix,Balcão,21,
478,2026-08-05,Quarta,Noite,Refrigerante,Bebida,2,6.9,Dinheiro,Delivery,41,4
479,2026-08-05,Quarta,Noite,Batata Frita,Acompanhamento,1,14.9,Cartão,Delivery,42,3
480,2026-08-05,Quarta,Noite,X-Tudo,Lanche,1,34.9,Cartão,Delivery,45,3
481,2026-08-05,Quarta,Noite,X-Burger,Lanche,2,22.9,Dinheiro,Balcão,11,4
482,2026-08-05,Quarta,Noite,X-Salada,Lanche,1,24.9,Pix,Delivery,51,3
483,2026-08-06,Quinta,Almoço,X-Salada,Lanche,2,24.9,Dinheiro,Delivery,51,2
484,2026-08-06,Quinta,Noite,Batata Frita,Acompanhamento,1,14.9,Cartão,Delivery,55,3
485,2026-08-06,Quinta,Noite,Refrigerante,Bebida,2,6.9,Pix,Delivery,53,4
486,2026-08-06,Quinta,Noite,X-Burger,Lanche,1,22.9,Cartão,Delivery,51,3
487,2026-08-06,Quinta,Almoço,Batata Frita,Acompanhamento,1,14.9,Pix,Balcão,18,4
488,2026-08-06,Quinta,Almoço,Suco,Bebida,1,8.9,Cartão,Balcão,19,5
489,2026-08-06,Quinta,Noite,X-Bacon,Lanche,1,29.9,Cartão,Balcão,18,5
490,2026-08-06,Quinta,Almoço,X-Salada,Lanche,1,24.9,Dinheiro,Delivery,15,4
491,2026-08-06,Quinta,Noite,Refrigerante,Bebida,1,6.9,Pix,Delivery,52,3
492,2026-08-06,Quinta,Noite,X-Bacon,Lanche,1,29.9,Cartão,Balcão,22,4
493,2026-08-07,Sexta,Noite,X-Salada,Lanche,1,24.9,Cartão,Delivery,35,5
494,2026-08-07,Sexta,Tarde,X-Salada,Lanche,2,24.9,Cartão,Delivery,24,3
495,2026-08-07,Sexta,Tarde,Batata Frita,Acompanhamento,1,14.9,Pix,Balcão,18,5
496,2026-08-07,Sexta,Almoço,Suco,Bebida,4,8.9,Cartão,Delivery,39,3
497,2026-08-07,Sexta,Noite,Suco,Bebida,2,8.9,Dinheiro,Delivery,52,3
498,2026-08-07,Sexta,Noite,Refrigerante,Bebida,1,6.9,Dinheiro,Balcão,24,5
499,2026-08-07,Sexta,Tarde,X-Salada,Lanche,2,24.9,Cartão,Balcão,17,5
500,2026-08-07,Sexta,Almoço,X-Salada,Lanche,3,24.9,Cartão,Balcão,12,5
501,2026-08-07,Sexta,Noite,Refrigerante,Bebida,3,6.9,Cartão,Balcão,16,5
502,2026-08-07,Sexta,Tarde,X-Burger,Lanche,1,22.9,Pix,Balcão,10,5
503,2026-08-07,Sexta,Tarde,X-Salada,Lanche,1,24.9,Cartão,Delivery,36,3
504,2026-08-07,Sexta,Noite,X-Bacon,Lanche,1,29.9,Cartão,Delivery,30,
505,2026-08-07,Sexta,Noite,Refrigerante,Bebida,2,6.9,Pix,Delivery,42,
506,2026-08-07,Sexta,Noite,X-Salada,Lanche,1,24.9,Dinheiro,Delivery,52,3
507,2026-08-07,Sexta,Noite,X-Bacon,Lanche,1,29.9,Pix,Delivery,25,5
508,2026-08-07,Sexta,Almoço,Suco,Bebida,4,8.9,Cartão,Balcão,10,5
509,2026-08-07,Sexta,Almoço,Refrigerante,Bebida,3,6.9,Pix,Balcão,20,5
510,2026-08-07,Sexta,Noite,Milkshake,Sobremesa,1,16.9,Cartão,Delivery,29,4
511,2026-08-07,Sexta,Almoço,Batata Frita,Acompanhamento,1,14.9,Pix,Balcão,19,5
512,2026-08-07,Sexta,Noite,Refrigerante,Bebida,2,6.9,Pix,Balcão,15,5
513,2026-08-07,Sexta,Almoço,Refrigerante,Bebida,1,6.9,Pix,Delivery,42,3
514,2026-08-07,Sexta,Noite,Batata Frita,Acompanhamento,1,14.9,Pix,Delivery,38,3
515,2026-08-08,Sábado,Noite,Batata Frita,Acompanhamento,1,14.9,Pix,Balcão,23,4
516,2026-08-08,Sábado,Tarde,X-Burger,Lanche,1,22.9,Pix,Delivery,39,
517,2026-08-08,Sábado,Noite,Refrigerante,Bebida,2,6.9,Pix,Delivery,66,2
518,2026-08-08,Sábado,Noite,Refrigerante,Bebida,4,6.9,Dinheiro,Balcão,15,
519,2026-08-08,Sábado,Noite,Refrigerante,Bebida,3,6.9,Cartão,Balcão,19,5
520,2026-08-08,Sábado,Noite,X-Bacon,Lanche,1,29.9,Pix,Balcão,17,5
521,2026-08-08,Sábado,Noite,X-Burger,Lanche,1,22.9,Pix,Balcão,19,5
522,2026-08-08,Sábado,Almoço,Milkshake,Sobremesa,1,16.9,Pix,Delivery,22,4
523,2026-08-08,Sábado,Almoço,X-Salada,Lanche,1,24.9,Pix,Balcão,18,4
524,2026-08-08,Sábado,Almoço,Milkshake,Sobremesa,1,16.9,Cartão,Delivery,46,2
525,2026-08-08,Sábado,Tarde,Batata Frita,Acompanhamento,1,14.9,Cartão,Delivery,28,
526,2026-08-08,Sábado,Almoço,X-Bacon,Lanche,1,29.9,Pix,Delivery,31,
527,2026-08-08,Sábado,Almoço,Milkshake,Sobremesa,1,16.9,Cartão,Balcão,17,3
528,2026-08-08,Sábado,Noite,X-Salada,Lanche,3,24.9,Pix,Delivery,57,3
529,2026-08-08,Sábado,Noite,Refrigerante,Bebida,4,6.9,Pix,Balcão,16,5
530,2026-08-08,Sábado,Noite,X-Tudo,Lanche,1,34.9,Pix,Delivery,42,3
531,2026-08-08,Sábado,Noite,Refrigerante,Bebida,1,6.9,Pix,Delivery,37,3
532,2026-08-08,Sábado,Tarde,Suco,Bebida,1,8.9,Pix,Balcão,15,5
533,2026-08-08,Sábado,Noite,X-Burger,Lanche,1,22.9,Pix,Delivery,51,3
534,2026-08-09,Domingo,Almoço,X-Salada,Lanche,1,24.9,Cartão,Balcão,14,5
535,2026-08-09,Domingo,Noite,Batata Frita,Acompanhamento,1,14.9,Cartão,Balcão,26,3
536,2026-08-09,Domingo,Almoço,X-Tudo,Lanche,3,34.9,Pix,Delivery,38,4
537,2026-08-09,Domingo,Noite,X-Burger,Lanche,2,22.9,Pix,Delivery,44,3
538,2026-08-09,Domingo,Noite,Batata Frita,Acompanhamento,1,14.9,Pix,Delivery,55,3
539,2026-08-09,Domingo,Noite,Suco,Bebida,2,8.9,Pix,Balcão,12,4
540,2026-08-09,Domingo,Noite,X-Burger,Lanche,1,22.9,Pix,Delivery,42,3
541,2026-08-09,Domingo,Almoço,X-Burger,Lanche,2,22.9,Cartão,Balcão,20,4
542,2026-08-09,Domingo,Almoço,Batata Frita,Acompanhamento,1,14.9,Cartão,Balcão,12,5
543,2026-08-09,Domingo,Almoço,Batata Frita,Acompanhamento,1,14.9,Pix,Balcão,17,4
544,2026-08-09,Domingo,Almoço,X-Bacon,Lanche,2,29.9,Pix,Balcão,16,4
545,2026-08-09,Domingo,Noite,X-Burger,Lanche,1,22.9,Cartão,Balcão,20,
546,2026-08-09,Domingo,Noite,Milkshake,Sobremesa,1,16.9,Pix,Balcão,20,5
547,2026-08-09,Domingo,Noite,Batata Frita,Acompanhamento,1,14.9,Cartão,Balcão,20,5
548,2026-08-09,Domingo,Noite,X-Salada,Lanche,1,24.9,Pix,Balcão,21,4
549,2026-08-09,Domingo,Tarde,X-Bacon,Lanche,2,29.9,Cartão,Balcão,20,5
550,2026-08-09,Domingo,Tarde,Batata Frita,Acompanhamento,2,14.9,Pix,Delivery,36,4
551,2026-08-10,Segunda,Noite,Suco,Bebida,2,8.9,Cartão,Delivery,33,3
552,2026-08-10,Segunda,Noite,Milkshake,Sobremesa,1,16.9,Cartão,Delivery,50,3
553,2026-08-10,Segunda,Tarde,Refrigerante,Bebida,1,6.9,Pix,Delivery,38,4
554,2026-08-10,Segunda,Noite,Refrigerante,Bebida,1,6.9,Dinheiro,Balcão,20,5
555,2026-08-10,Segunda,Noite,X-Tudo,Lanche,1,34.9,Pix,Delivery,29,3
556,2026-08-10,Segunda,Noite,Suco,Bebida,1,8.9,Cartão,Delivery,36,3
557,2026-08-10,Segunda,Tarde,X-Burger,Lanche,1,22.9,Pix,Balcão,16,4
558,2026-08-10,Segunda,Tarde,X-Tudo,Lanche,1,34.9,Cartão,Balcão,9,5
559,2026-08-10,Segunda,Noite,Refrigerante,Bebida,2,6.9,Pix,Balcão,13,5
560,2026-08-10,Segunda,Almoço,X-Bacon,Lanche,1,29.9,Pix,Balcão,17,4
561,2026-08-10,Segunda,Noite,Refrigerante,Bebida,1,6.9,Pix,Balcão,17,5
562,2026-08-10,Segunda,Tarde,X-Bacon,Lanche,2,29.9,Pix,Delivery,36,4
563,2026-08-10,Segunda,Noite,X-Tudo,Lanche,2,34.9,Pix,Delivery,50,3
564,2026-08-10,Segunda,Tarde,Batata Frita,Acompanhamento,1,14.9,Cartão,Delivery,37,4
565,2026-08-10,Segunda,Almoço,Refrigerante,Bebida,2,6.9,Pix,Delivery,42,
566,2026-08-10,Segunda,Noite,X-Bacon,Lanche,2,29.9,Cartão,Balcão,13,4
567,2026-08-10,Segunda,Almoço,Milkshake,Sobremesa,1,16.9,Cartão,Balcão,12,
568,2026-08-11,Terça,Almoço,Batata Frita,Acompanhamento,1,14.9,Pix,Balcão,17,4
569,2026-08-11,Terça,Almoço,X-Burger,Lanche,1,22.9,Dinheiro,Balcão,11,5
570,2026-08-11,Terça,Almoço,Refrigerante,Bebida,4,6.9,Pix,Delivery,31,4
571,2026-08-11,Terça,Noite,X-Salada,Lanche,2,24.9,Pix,Balcão,14,5
572,2026-08-11,Terça,Noite,X-Burger,Lanche,1,22.9,Cartão,Balcão,16,4
573,2026-08-11,Terça,Almoço,X-Salada,Lanche,1,24.9,Cartão,Delivery,50,3
574,2026-08-11,Terça,Almoço,Batata Frita,Acompanhamento,1,14.9,Pix,Delivery,53,2
575,2026-08-12,Quarta,Almoço,Refrigerante,Bebida,1,6.9,Cartão,Balcão,12,5
576,2026-08-12,Quarta,Noite,X-Salada,Lanche,3,24.9,Cartão,Delivery,48,4
577,2026-08-12,Quarta,Noite,Refrigerante,Bebida,2,6.9,Pix,Delivery,46,
578,2026-08-12,Quarta,Noite,Milkshake,Sobremesa,1,16.9,Cartão,Delivery,39,4
579,2026-08-12,Quarta,Noite,Refrigerante,Bebida,1,6.9,Pix,Delivery,29,
580,2026-08-12,Quarta,Almoço,X-Tudo,Lanche,1,34.9,Pix,Balcão,13,4
581,2026-08-12,Quarta,Almoço,X-Salada,Lanche,1,24.9,Pix,Balcão,13,3
582,2026-08-12,Quarta,Almoço,Suco,Bebida,2,8.9,Cartão,Delivery,38,4
583,2026-08-12,Quarta,Tarde,Refrigerante,Bebida,2,6.9,Dinheiro,Delivery,27,4
584,2026-08-12,Quarta,Noite,Batata Frita,Acompanhamento,1,14.9,Pix,Delivery,38,4
585,2026-08-13,Quinta,Noite,Milkshake,Sobremesa,1,16.9,Cartão,Balcão,20,4
586,2026-08-13,Quinta,Tarde,Batata Frita,Acompanhamento,2,14.9,Dinheiro,Delivery,39,
587,2026-08-13,Quinta,Almoço,Refrigerante,Bebida,3,6.9,Cartão,Delivery,36,4
588,2026-08-13,Quinta,Tarde,Suco,Bebida,3,8.9,Cartão,Delivery,31,4
589,2026-08-13,Quinta,Tarde,X-Salada,Lanche,1,24.9,Pix,Balcão,16,4
590,2026-08-13,Quinta,Tarde,Batata Frita,Acompanhamento,3,14.9,Pix,Delivery,53,
591,2026-08-13,Quinta,Noite,X-Burger,Lanche,2,22.9,Pix,Balcão,21,5
592,2026-08-13,Quinta,Almoço,X-Bacon,Lanche,1,29.9,Pix,Delivery,36,5
593,2026-08-13,Quinta,Almoço,Batata Frita,Acompanhamento,2,14.9,Pix,Delivery,31,4
594,2026-08-13,Quinta,Tarde,X-Tudo,Lanche,3,34.9,Dinheiro,Delivery,43,3
595,2026-08-13,Quinta,Noite,X-Burger,Lanche,1,22.9,Cartão,Delivery,41,3
596,2026-08-13,Quinta,Noite,Refrigerante,Bebida,2,6.9,Dinheiro,Balcão,16,
597,2026-08-14,Sexta,Noite,X-Burger,Lanche,1,22.9,Pix,Delivery,36,4
598,2026-08-14,Sexta,Noite,X-Tudo,Lanche,2,34.9,Cartão,Delivery,30,4
599,2026-08-14,Sexta,Noite,X-Bacon,Lanche,1,29.9,Cartão,Balcão,6,5
600,2026-08-14,Sexta,Tarde,Batata Frita,Acompanhamento,1,14.9,Cartão,Delivery,36,3
601,2026-08-14,Sexta,Almoço,Batata Frita,Acompanhamento,1,14.9,Dinheiro,Delivery,40,3
602,2026-08-14,Sexta,Almoço,Refrigerante,Bebida,2,6.9,Pix,Delivery,43,3
603,2026-08-14,Sexta,Almoço,X-Tudo,Lanche,1,34.9,Cartão,Balcão,17,5
604,2026-08-14,Sexta,Noite,X-Tudo,Lanche,2,34.9,Cartão,Delivery,38,3
605,2026-08-14,Sexta,Noite,Refrigerante,Bebida,3,6.9,Pix,Balcão,22,4
606,2026-08-14,Sexta,Noite,Refrigerante,Bebida,1,6.9,Cartão,Balcão,17,5
607,2026-08-14,Sexta,Noite,Batata Frita,Acompanhamento,1,14.9,Dinheiro,Balcão,17,
608,2026-08-14,Sexta,Almoço,X-Tudo,Lanche,1,34.9,Pix,Delivery,43,
609,2026-08-14,Sexta,Noite,X-Tudo,Lanche,1,34.9,Cartão,Balcão,20,5
610,2026-08-14,Sexta,Noite,Milkshake,Sobremesa,1,16.9,Cartão,Delivery,54,2
611,2026-08-14,Sexta,Noite,X-Salada,Lanche,1,24.9,Dinheiro,Delivery,42,4
612,2026-08-14,Sexta,Noite,X-Salada,Lanche,2,24.9,Cartão,Balcão,23,4
613,2026-08-14,Sexta,Noite,X-Burger,Lanche,1,22.9,Dinheiro,Delivery,39,
614,2026-08-14,Sexta,Almoço,Batata Frita,Acompanhamento,1,14.9,Pix,Delivery,38,3
615,2026-08-14,Sexta,Noite,Refrigerante,Bebida,1,6.9,Cartão,Delivery,51,3
616,2026-08-14,Sexta,Almoço,X-Salada,Lanche,1,24.9,Cartão,Delivery,42,3
617,2026-08-14,Sexta,Almoço,Suco,Bebida,1,8.9,Pix,Delivery,33,5
618,2026-08-14,Sexta,Tarde,X-Salada,Lanche,1,24.9,Cartão,Balcão,14,5
619,2026-08-14,Sexta,Tarde,Batata Frita,Acompanhamento,1,14.9,Pix,Delivery,35,4
620,2026-08-14,Sexta,Noite,X-Salada,Lanche,3,24.9,Pix,Delivery,33,4
621,2026-08-14,Sexta,Noite,Batata Frita,Acompanhamento,2,14.9,Cartão,Balcão,10,4
622,2026-08-15,Sábado,Noite,X-Bacon,Lanche,1,29.9,Pix,Delivery,52,3
623,2026-08-15,Sábado,Noite,X-Burger,Lanche,1,22.9,Dinheiro,Balcão,11,4
624,2026-08-15,Sábado,Noite,Suco,Bebida,1,8.9,Pix,Balcão,16,4
625,2026-08-15,Sábado,Almoço,Refrigerante,Bebida,2,6.9,Pix,Balcão,12,5
626,2026-08-15,Sábado,Almoço,Suco,Bebida,3,8.9,Pix,Balcão,16,5
627,2026-08-15,Sábado,Noite,X-Tudo,Lanche,1,34.9,Cartão,Balcão,12,5
628,2026-08-15,Sábado,Tarde,Suco,Bebida,2,8.9,Pix,Delivery,36,3
629,2026-08-15,Sábado,Tarde,X-Burger,Lanche,2,22.9,Cartão,Balcão,12,4
630,2026-08-15,Sábado,Tarde,X-Bacon,Lanche,1,29.9,Cartão,Balcão,16,5
631,2026-08-15,Sábado,Noite,Refrigerante,Bebida,4,6.9,Cartão,Delivery,37,
632,2026-08-15,Sábado,Almoço,Suco,Bebida,2,8.9,Pix,Balcão,8,5
633,2026-08-15,Sábado,Noite,Milkshake,Sobremesa,1,16.9,Dinheiro,Balcão,16,4
634,2026-08-15,Sábado,Noite,Refrigerante,Bebida,2,6.9,Cartão,Balcão,21,4
635,2026-08-15,Sábado,Almoço,Batata Frita,Acompanhamento,1,14.9,Pix,Delivery,29,3
636,2026-08-15,Sábado,Almoço,X-Burger,Lanche,1,22.9,Cartão,Balcão,14,5
637,2026-08-15,Sábado,Noite,X-Tudo,Lanche,1,34.9,Cartão,Delivery,59,3
638,2026-08-15,Sábado,Tarde,X-Salada,Lanche,1,24.9,Dinheiro,Delivery,39,4
639,2026-08-15,Sábado,Tarde,Suco,Bebida,1,8.9,Pix,Delivery,43,
640,2026-08-15,Sábado,Noite,Milkshake,Sobremesa,2,16.9,Cartão,Balcão,21,
641,2026-08-15,Sábado,Almoço,X-Tudo,Lanche,2,34.9,Pix,Balcão,14,5
642,2026-08-15,Sábado,Noite,Batata Frita,Acompanhamento,1,14.9,Cartão,Balcão,18,
643,2026-08-15,Sábado,Noite,X-Salada,Lanche,1,24.9,Dinheiro,Delivery,32,4
644,2026-08-15,Sábado,Almoço,Suco,Bebida,1,8.9,Cartão,Delivery,44,4
645,2026-08-15,Sábado,Noite,Batata Frita,Acompanhamento,1,14.9,Cartão,Delivery,57,
646,2026-08-15,Sábado,Almoço,X-Salada,Lanche,1,24.9,Cartão,Balcão,15,5
647,2026-08-15,Sábado,Noite,Batata Frita,Acompanhamento,2,14.9,Dinheiro,Delivery,33,4
648,2026-08-15,Sábado,Almoço,X-Tudo,Lanche,1,34.9,Cartão,Balcão,12,
649,2026-08-16,Domingo,Almoço,Batata Frita,Acompanhamento,1,14.9,Pix,Delivery,34,5
650,2026-08-16,Domingo,Noite,Suco,Bebida,2,8.9,Cartão,Balcão,11,5
651,2026-08-16,Domingo,Tarde,X-Salada,Lanche,1,24.9,Pix,Delivery,30,4
652,2026-08-16,Domingo,Noite,Refrigerante,Bebida,2,6.9,Pix,Balcão,22,4
653,2026-08-16,Domingo,Tarde,X-Salada,Lanche,1,24.9,Dinheiro,Delivery,38,4
654,2026-08-16,Domingo,Noite,Milkshake,Sobremesa,1,16.9,Cartão,Delivery,31,4
655,2026-08-16,Domingo,Almoço,Batata Frita,Acompanhamento,1,14.9,Pix,Balcão,14,4
656,2026-08-16,Domingo,Noite,Refrigerante,Bebida,2,6.9,Cartão,Delivery,59,3
657,2026-08-16,Domingo,Noite,X-Salada,Lanche,1,24.9,Pix,Delivery,41,5
658,2026-08-16,Domingo,Noite,Refrigerante,Bebida,1,6.9,Cartão,Balcão,18,4
659,2026-08-16,Domingo,Tarde,X-Salada,Lanche,1,24.9,Pix,Delivery,33,4
660,2026-08-16,Domingo,Noite,Milkshake,Sobremesa,1,16.9,Pix,Delivery,40,3
661,2026-08-16,Domingo,Almoço,X-Bacon,Lanche,1,29.9,Pix,Balcão,21,
662,2026-08-16,Domingo,Almoço,Batata Frita,Acompanhamento,1,14.9,Cartão,Delivery,47,3
663,2026-08-16,Domingo,Noite,Milkshake,Sobremesa,1,16.9,Cartão,Balcão,20,5
664,2026-08-16,Domingo,Noite,X-Bacon,Lanche,2,29.9,Cartão,Balcão,19,5
665,2026-08-16,Domingo,Almoço,Batata Frita,Acompanhamento,1,14.9,Pix,Balcão,13,5
666,2026-08-17,Segunda,Noite,Suco,Bebida,2,8.9,Pix,Delivery,42,3
667,2026-08-17,Segunda,Noite,Refrigerante,Bebida,1,6.9,Pix,Delivery,41,4
668,2026-08-17,Segunda,Noite,Refrigerante,Bebida,2,6.9,Cartão,Balcão,23,4
669,2026-08-17,Segunda,Noite,Refrigerante,Bebida,1,6.9,Pix,Balcão,16,5
670,2026-08-17,Segunda,Noite,Milkshake,Sobremesa,2,16.9,Pix,Delivery,33,4
671,2026-08-18,Terça,Noite,X-Bacon,Lanche,2,29.9,Pix,Delivery,32,4
672,2026-08-18,Terça,Noite,Refrigerante,Bebida,3,6.9,Cartão,Balcão,19,5
673,2026-08-18,Terça,Noite,X-Salada,Lanche,1,24.9,Pix,Delivery,39,4
674,2026-08-18,Terça,Noite,Suco,Bebida,1,8.9,Pix,Delivery,59,3
675,2026-08-18,Terça,Noite,Suco,Bebida,1,8.9,Pix,Delivery,36,
676,2026-08-18,Terça,Almoço,X-Burger,Lanche,1,22.9,Pix,Balcão,17,4
677,2026-08-18,Terça,Noite,Suco,Bebida,3,8.9,Pix,Balcão,23,5
678,2026-08-18,Terça,Noite,X-Salada,Lanche,1,24.9,Cartão,Balcão,18,4
679,2026-08-18,Terça,Noite,Suco,Bebida,2,8.9,Pix,Delivery,39,3
680,2026-08-19,Quarta,Tarde,Suco,Bebida,2,8.9,Cartão,Delivery,15,5
681,2026-08-19,Quarta,Almoço,Suco,Bebida,3,8.9,Cartão,Delivery,42,4
682,2026-08-19,Quarta,Almoço,Refrigerante,Bebida,1,6.9,Pix,Balcão,10,5
683,2026-08-19,Quarta,Noite,Refrigerante,Bebida,2,6.9,Pix,Delivery,38,4
684,2026-08-19,Quarta,Almoço,X-Tudo,Lanche,3,34.9,Cartão,Delivery,30,4
685,2026-08-19,Quarta,Almoço,X-Salada,Lanche,1,24.9,Pix,Balcão,13,4
686,2026-08-19,Quarta,Noite,Refrigerante,Bebida,1,6.9,Dinheiro,Balcão,20,5
687,2026-08-19,Quarta,Noite,X-Tudo,Lanche,1,34.9,Pix,Delivery,40,4
688,2026-08-19,Quarta,Almoço,Milkshake,Sobremesa,2,16.9,Cartão,Balcão,21,4
689,2026-08-19,Quarta,Noite,Batata Frita,Acompanhamento,1,14.9,Pix,Delivery,50,4
690,2026-08-19,Quarta,Almoço,Suco,Bebida,1,8.9,Cartão,Balcão,11,5
691,2026-08-19,Quarta,Noite,X-Burger,Lanche,1,22.9,Pix,Balcão,19,4
692,2026-08-19,Quarta,Noite,X-Burger,Lanche,1,22.9,Dinheiro,Balcão,24,4
693,2026-08-20,Quinta,Almoço,X-Burger,Lanche,1,22.9,Pix,Delivery,42,3
694,2026-08-20,Quinta,Tarde,Suco,Bebida,3,8.9,Dinheiro,Balcão,14,
695,2026-08-20,Quinta,Almoço,Refrigerante,Bebida,2,6.9,Cartão,Delivery,42,3
696,2026-08-20,Quinta,Tarde,Refrigerante,Bebida,1,6.9,Pix,Balcão,12,
697,2026-08-20,Quinta,Tarde,X-Burger,Lanche,1,22.9,Pix,Balcão,16,4
698,2026-08-20,Quinta,Almoço,Refrigerante,Bebida,3,6.9,Pix,Delivery,30,5
699,2026-08-20,Quinta,Almoço,Refrigerante,Bebida,2,6.9,Cartão,Balcão,17,5
700,2026-08-20,Quinta,Almoço,Refrigerante,Bebida,1,6.9,Pix,Balcão,19,4
701,2026-08-20,Quinta,Tarde,X-Salada,Lanche,1,24.9,Cartão,Delivery,39,4
702,2026-08-20,Quinta,Almoço,X-Bacon,Lanche,1,29.9,Dinheiro,Delivery,30,4
703,2026-08-20,Quinta,Almoço,X-Burger,Lanche,2,22.9,Pix,Balcão,9,5
704,2026-08-20,Quinta,Noite,Suco,Bebida,4,8.9,Pix,Balcão,22,
705,2026-08-20,Quinta,Almoço,Refrigerante,Bebida,1,6.9,Pix,Delivery,37,4
706,2026-08-20,Quinta,Noite,Suco,Bebida,4,8.9,Cartão,Delivery,33,3
707,2026-08-20,Quinta,Noite,Refrigerante,Bebida,1,6.9,Pix,Delivery,52,
708,2026-08-20,Quinta,Tarde,Refrigerante,Bebida,1,6.9,Pix,Balcão,10,4
709,2026-08-20,Quinta,Noite,Refrigerante,Bebida,2,6.9,Cartão,Balcão,10,5
710,2026-08-21,Sexta,Noite,Refrigerante,Bebida,1,6.9,Cartão,Delivery,48,3
711,2026-08-21,Sexta,Noite,X-Bacon,Lanche,1,29.9,Dinheiro,Balcão,20,5
712,2026-08-21,Sexta,Almoço,Suco,Bebida,1,8.9,Pix,Delivery,34,2
713,2026-08-21,Sexta,Noite,Suco,Bebida,1,8.9,Pix,Balcão,15,4
714,2026-08-21,Sexta,Tarde,X-Burger,Lanche,2,22.9,Cartão,Delivery,25,
715,2026-08-21,Sexta,Almoço,X-Burger,Lanche,1,22.9,Pix,Delivery,32,3
716,2026-08-21,Sexta,Almoço,Refrigerante,Bebida,1,6.9,Cartão,Delivery,43,4
717,2026-08-21,Sexta,Tarde,X-Bacon,Lanche,1,29.9,Cartão,Delivery,34,3
718,2026-08-21,Sexta,Noite,Refrigerante,Bebida,2,6.9,Pix,Delivery,35,4
719,2026-08-21,Sexta,Tarde,X-Bacon,Lanche,2,29.9,Pix,Balcão,9,4
720,2026-08-21,Sexta,Almoço,X-Burger,Lanche,1,22.9,Cartão,Balcão,17,5
721,2026-08-21,Sexta,Almoço,X-Bacon,Lanche,1,29.9,Cartão,Delivery,39,3
722,2026-08-21,Sexta,Noite,Suco,Bebida,3,8.9,Pix,Delivery,44,4
723,2026-08-21,Sexta,Noite,Milkshake,Sobremesa,2,16.9,Cartão,Delivery,33,4
724,2026-08-21,Sexta,Noite,Batata Frita,Acompanhamento,1,14.9,Cartão,Balcão,18,4
725,2026-08-21,Sexta,Noite,X-Burger,Lanche,2,22.9,Cartão,Delivery,55,2
726,2026-08-21,Sexta,Almoço,Refrigerante,Bebida,2,6.9,Cartão,Delivery,51,3
727,2026-08-21,Sexta,Almoço,X-Salada,Lanche,1,24.9,Pix,Balcão,20,4
728,2026-08-21,Sexta,Noite,X-Bacon,Lanche,1,29.9,Pix,Delivery,41,
729,2026-08-22,Sábado,Noite,X-Salada,Lanche,2,24.9,Pix,Delivery,42,
730,2026-08-22,Sábado,Tarde,Milkshake,Sobremesa,1,16.9,Pix,Delivery,53,2
731,2026-08-22,Sábado,Noite,X-Tudo,Lanche,1,34.9,Cartão,Delivery,28,
732,2026-08-22,Sábado,Noite,Refrigerante,Bebida,3,6.9,Dinheiro,Balcão,10,5
733,2026-08-22,Sábado,Noite,Refrigerante,Bebida,3,6.9,Dinheiro,Delivery,33,4
734,2026-08-22,Sábado,Noite,Suco,Bebida,2,8.9,Cartão,Delivery,63,
735,2026-08-22,Sábado,Noite,X-Salada,Lanche,1,24.9,Pix,Balcão,21,4
736,2026-08-22,Sábado,Almoço,Refrigerante,Bebida,2,6.9,Pix,Balcão,18,4
737,2026-08-22,Sábado,Almoço,Milkshake,Sobremesa,1,16.9,Cartão,Delivery,35,3
738,2026-08-22,Sábado,Almoço,X-Burger,Lanche,2,22.9,Dinheiro,Delivery,35,3
739,2026-08-22,Sábado,Tarde,X-Bacon,Lanche,1,29.9,Cartão,Balcão,16,5
740,2026-08-22,Sábado,Noite,X-Tudo,Lanche,1,34.9,Pix,Delivery,57,
741,2026-08-22,Sábado,Almoço,X-Bacon,Lanche,1,29.9,Pix,Delivery,36,
742,2026-08-22,Sábado,Noite,X-Tudo,Lanche,2,34.9,Pix,Delivery,52,3
743,2026-08-22,Sábado,Noite,X-Tudo,Lanche,1,34.9,Pix,Balcão,16,4
744,2026-08-22,Sábado,Noite,Batata Frita,Acompanhamento,1,14.9,Pix,Delivery,38,3
745,2026-08-23,Domingo,Almoço,Refrigerante,Bebida,1,6.9,Cartão,Balcão,10,5
746,2026-08-23,Domingo,Noite,X-Bacon,Lanche,3,29.9,Pix,Delivery,36,4
747,2026-08-23,Domingo,Noite,Suco,Bebida,1,8.9,Pix,Delivery,45,
748,2026-08-23,Domingo,Almoço,Batata Frita,Acompanhamento,2,14.9,Pix,Delivery,29,4
749,2026-08-23,Domingo,Tarde,Milkshake,Sobremesa,3,16.9,Dinheiro,Delivery,46,4
750,2026-08-23,Domingo,Almoço,X-Burger,Lanche,1,22.9,Pix,Balcão,13,5
751,2026-08-23,Domingo,Noite,Batata Frita,Acompanhamento,2,14.9,Pix,Delivery,41,3
752,2026-08-23,Domingo,Noite,X-Salada,Lanche,3,24.9,Cartão,Delivery,54,3
753,2026-08-23,Domingo,Noite,Batata Frita,Acompanhamento,1,14.9,Dinheiro,Delivery,37,3
754,2026-08-24,Segunda,Tarde,X-Tudo,Lanche,1,34.9,Dinheiro,Delivery,33,3
755,2026-08-24,Segunda,Almoço,Suco,Bebida,1,8.9,Pix,Delivery,42,3
756,2026-08-24,Segunda,Almoço,Milkshake,Sobremesa,1,16.9,Dinheiro,Balcão,13,5
757,2026-08-24,Segunda,Almoço,X-Salada,Lanche,1,24.9,Dinheiro,Delivery,49,3
758,2026-08-24,Segunda,Almoço,X-Bacon,Lanche,1,29.9,Pix,Balcão,15,4
759,2026-08-24,Segunda,Almoço,X-Burger,Lanche,3,22.9,Cartão,Balcão,11,5
760,2026-08-24,Segunda,Almoço,Refrigerante,Bebida,1,6.9,Pix,Balcão,16,5
761,2026-08-24,Segunda,Noite,X-Bacon,Lanche,1,29.9,Cartão,Balcão,20,
762,2026-08-24,Segunda,Noite,X-Bacon,Lanche,1,29.9,Pix,Balcão,13,5
763,2026-08-24,Segunda,Almoço,Suco,Bebida,1,8.9,Pix,Delivery,36,3
764,2026-08-25,Terça,Noite,Refrigerante,Bebida,2,6.9,Dinheiro,Delivery,32,4
765,2026-08-25,Terça,Noite,X-Burger,Lanche,2,22.9,Cartão,Balcão,18,4
766,2026-08-25,Terça,Noite,Milkshake,Sobremesa,1,16.9,Cartão,Delivery,33,4
767,2026-08-25,Terça,Noite,X-Tudo,Lanche,1,34.9,Pix,Balcão,13,4
768,2026-08-25,Terça,Noite,X-Bacon,Lanche,1,29.9,Cartão,Balcão,17,5
769,2026-08-25,Terça,Almoço,Batata Frita,Acompanhamento,1,14.9,Pix,Balcão,12,5
770,2026-08-25,Terça,Almoço,Refrigerante,Bebida,1,6.9,Cartão,Balcão,12,5
771,2026-08-25,Terça,Noite,Milkshake,Sobremesa,2,16.9,Dinheiro,Delivery,53,3
772,2026-08-25,Terça,Tarde,X-Burger,Lanche,1,22.9,Cartão,Balcão,14,5
773,2026-08-25,Terça,Noite,X-Bacon,Lanche,2,29.9,Pix,Delivery,43,3
774,2026-08-25,Terça,Almoço,Refrigerante,Bebida,1,6.9,Cartão,Balcão,12,5
775,2026-08-26,Quarta,Noite,Refrigerante,Bebida,1,6.9,Cartão,Balcão,14,4
776,2026-08-26,Quarta,Almoço,X-Bacon,Lanche,2,29.9,Pix,Delivery,49,3
777,2026-08-26,Quarta,Noite,Batata Frita,Acompanhamento,2,14.9,Cartão,Delivery,46,4
778,2026-08-26,Quarta,Noite,X-Bacon,Lanche,1,29.9,Cartão,Delivery,47,3
779,2026-08-26,Quarta,Almoço,X-Bacon,Lanche,3,29.9,Dinheiro,Delivery,38,3
780,2026-08-26,Quarta,Noite,Refrigerante,Bebida,2,6.9,Pix,Balcão,14,4
781,2026-08-26,Quarta,Noite,Refrigerante,Bebida,1,6.9,Pix,Delivery,30,4
782,2026-08-26,Quarta,Tarde,Batata Frita,Acompanhamento,1,14.9,Pix,Delivery,40,3
783,2026-08-26,Quarta,Noite,Refrigerante,Bebida,1,6.9,Pix,Balcão,17,4
784,2026-08-26,Quarta,Tarde,Refrigerante,Bebida,1,6.9,Cartão,Balcão,17,4
785,2026-08-26,Quarta,Almoço,X-Burger,Lanche,1,22.9,Cartão,Balcão,13,5
786,2026-08-26,Quarta,Noite,Suco,Bebida,1,8.9,Pix,Delivery,41,2
787,2026-08-26,Quarta,Almoço,X-Salada,Lanche,1,24.9,Cartão,Delivery,36,4
788,2026-08-26,Quarta,Noite,Refrigerante,Bebida,1,6.9,Pix,Delivery,44,3
789,2026-08-27,Quinta,Noite,Refrigerante,Bebida,3,6.9,Pix,Balcão,17,
790,2026-08-27,Quinta,Almoço,Refrigerante,Bebida,1,6.9,Pix,Delivery,38,4
791,2026-08-27,Quinta,Noite,X-Salada,Lanche,1,24.9,Dinheiro,Balcão,12,5
792,2026-08-27,Quinta,Noite,Batata Frita,Acompanhamento,1,14.9,Pix,Delivery,45,3
793,2026-08-27,Quinta,Noite,Milkshake,Sobremesa,1,16.9,Cartão,Balcão,24,4
794,2026-08-27,Quinta,Almoço,Batata Frita,Acompanhamento,1,14.9,Cartão,Delivery,31,4
795,2026-08-27,Quinta,Tarde,Milkshake,Sobremesa,1,16.9,Pix,Delivery,50,3
796,2026-08-27,Quinta,Almoço,X-Burger,Lanche,1,22.9,Pix,Balcão,19,
797,2026-08-27,Quinta,Noite,X-Bacon,Lanche,2,29.9,Pix,Delivery,37,3
798,2026-08-28,Sexta,Noite,Batata Frita,Acompanhamento,3,14.9,Dinheiro,Delivery,39,4
799,2026-08-28,Sexta,Noite,Batata Frita,Acompanhamento,1,14.9,Cartão,Balcão,16,5
800,2026-08-28,Sexta,Tarde,X-Tudo,Lanche,1,34.9,Cartão,Balcão,19,5
801,2026-08-28,Sexta,Noite,X-Bacon,Lanche,2,29.9,Pix,Delivery,60,3
802,2026-08-28,Sexta,Noite,X-Burger,Lanche,2,22.9,Dinheiro,Delivery,48,3
803,2026-08-28,Sexta,Tarde,Refrigerante,Bebida,4,6.9,Pix,Balcão,14,4
804,2026-08-28,Sexta,Almoço,Milkshake,Sobremesa,1,16.9,Cartão,Balcão,16,5
805,2026-08-28,Sexta,Noite,Refrigerante,Bebida,2,6.9,Dinheiro,Delivery,33,3
806,2026-08-28,Sexta,Noite,Refrigerante,Bebida,2,6.9,Pix,Delivery,54,3
807,2026-08-28,Sexta,Noite,Refrigerante,Bebida,1,6.9,Cartão,Balcão,19,4
808,2026-08-28,Sexta,Tarde,Milkshake,Sobremesa,2,16.9,Cartão,Delivery,26,4
809,2026-08-28,Sexta,Noite,X-Burger,Lanche,2,22.9,Pix,Delivery,43,3
810,2026-08-28,Sexta,Noite,Milkshake,Sobremesa,2,16.9,Cartão,Balcão,18,5
811,2026-08-28,Sexta,Noite,Batata Frita,Acompanhamento,1,14.9,Pix,Balcão,19,5
812,2026-08-28,Sexta,Noite,Milkshake,Sobremesa,1,16.9,Pix,Delivery,60,2
813,2026-08-28,Sexta,Tarde,X-Burger,Lanche,3,22.9,Cartão,Delivery,27,5
814,2026-08-28,Sexta,Almoço,X-Bacon,Lanche,1,29.9,Cartão,Delivery,23,5
815,2026-08-28,Sexta,Noite,X-Tudo,Lanche,3,34.9,Dinheiro,Balcão,20,4
816,2026-08-28,Sexta,Almoço,X-Salada,Lanche,1,24.9,Pix,Balcão,15,3
817,2026-08-28,Sexta,Almoço,X-Burger,Lanche,1,22.9,Pix,Balcão,6,5
818,2026-08-28,Sexta,Noite,X-Bacon,Lanche,3,29.9,Pix,Delivery,57,2
819,2026-08-28,Sexta,Almoço,Milkshake,Sobremesa,1,16.9,Cartão,Delivery,24,4
820,2026-08-28,Sexta,Tarde,Suco,Bebida,1,8.9,Cartão,Delivery,34,
821,2026-08-29,Sábado,Noite,Batata Frita,Acompanhamento,2,14.9,Pix,Delivery,33,5
822,2026-08-29,Sábado,Noite,X-Bacon,Lanche,1,29.9,Dinheiro,Delivery,62,3
823,2026-08-29,Sábado,Noite,Refrigerante,Bebida,1,6.9,Cartão,Balcão,20,4
824,2026-08-29,Sábado,Almoço,X-Bacon,Lanche,1,29.9,Pix,Delivery,34,3
825,2026-08-29,Sábado,Noite,Milkshake,Sobremesa,2,16.9,Cartão,Delivery,43,4
826,2026-08-29,Sábado,Tarde,X-Salada,Lanche,1,24.9,Pix,Delivery,41,3
827,2026-08-29,Sábado,Almoço,Refrigerante,Bebida,2,6.9,Cartão,Balcão,15,5
828,2026-08-29,Sábado,Noite,Refrigerante,Bebida,2,6.9,Cartão,Delivery,31,5
829,2026-08-29,Sábado,Almoço,X-Bacon,Lanche,1,29.9,Cartão,Balcão,15,5
830,2026-08-29,Sábado,Noite,Batata Frita,Acompanhamento,2,14.9,Pix,Delivery,25,4
831,2026-08-29,Sábado,Tarde,X-Bacon,Lanche,1,29.9,Dinheiro,Balcão,16,5
832,2026-08-29,Sábado,Tarde,Refrigerante,Bebida,1,6.9,Pix,Delivery,34,3
833,2026-08-29,Sábado,Almoço,Batata Frita,Acompanhamento,1,14.9,Pix,Delivery,33,4
834,2026-08-29,Sábado,Almoço,X-Burger,Lanche,1,22.9,Cartão,Delivery,48,4
835,2026-08-29,Sábado,Noite,X-Bacon,Lanche,1,29.9,Pix,Balcão,24,5
836,2026-08-29,Sábado,Noite,X-Bacon,Lanche,1,29.9,Cartão,Balcão,20,5
837,2026-08-30,Domingo,Tarde,Batata Frita,Acompanhamento,1,14.9,Pix,Delivery,52,4
838,2026-08-30,Domingo,Almoço,X-Salada,Lanche,2,24.9,Pix,Delivery,22,4
839,2026-08-30,Domingo,Noite,Refrigerante,Bebida,1,6.9,Pix,Balcão,21,5
840,2026-08-30,Domingo,Noite,X-Burger,Lanche,1,22.9,Cartão,Balcão,17,
841,2026-08-30,Domingo,Almoço,X-Tudo,Lanche,3,34.9,Pix,Delivery,44,3
842,2026-08-30,Domingo,Almoço,Batata Frita,Acompanhamento,2,14.9,Cartão,Balcão,22,4
843,2026-08-30,Domingo,Noite,X-Burger,Lanche,1,22.9,Pix,Delivery,43,4
844,2026-08-30,Domingo,Almoço,Batata Frita,Acompanhamento,1,14.9,Dinheiro,Balcão,12,5
845,2026-08-30,Domingo,Noite,Milkshake,Sobremesa,1,16.9,Dinheiro,Delivery,34,
846,2026-08-30,Domingo,Noite,Refrigerante,Bebida,1,6.9,Cartão,Delivery,48,3
847,2026-08-30,Domingo,Noite,X-Bacon,Lanche,2,29.9,Pix,Delivery,49,3
848,2026-08-30,Domingo,Noite,X-Bacon,Lanche,1,29.9,Pix,Delivery,37,3
849,2026-08-30,Domingo,Noite,X-Bacon,Lanche,1,29.9,Dinheiro,Balcão,25,4
850,2026-08-30,Domingo,Noite,X-Burger,Lanche,3,22.9,Cartão,Delivery,63,2
851,2026-08-30,Domingo,Noite,X-Burger,Lanche,1,22.9,Pix,Balcão,18,4
852,2026-08-30,Domingo,Almoço,Refrigerante,Bebida,1,6.9,Cartão,Balcão,17,5
853,2026-08-31,Segunda,Noite,X-Burger,Lanche,1,22.9,Pix,Delivery,59,2
854,2026-08-31,Segunda,Noite,Batata Frita,Acompanhamento,3,14.9,Pix,Delivery,46,3
855,2026-08-31,Segunda,Noite,Milkshake,Sobremesa,1,16.9,Pix,Delivery,49,3
856,2026-08-31,Segunda,Noite,Batata Frita,Acompanhamento,1,14.9,Cartão,Delivery,40,4
857,2026-08-31,Segunda,Almoço,Refrigerante,Bebida,2,6.9,Pix,Delivery,52,2
858,2026-08-31,Segunda,Noite,Milkshake,Sobremesa,1,16.9,Pix,Balcão,25,4
859,2026-08-31,Segunda,Almoço,X-Salada,Lanche,1,24.9,Cartão,Balcão,16,4
860,2026-08-31,Segunda,Noite,X-Burger,Lanche,1,22.9,Cartão,Delivery,43,3
861,2026-08-31,Segunda,Noite,X-Salada,Lanche,1,24.9,Dinheiro,Delivery,30,
862,2026-08-31,Segunda,Noite,X-Bacon,Lanche,3,29.9,Pix,Balcão,21,4
863,2026-08-31,Segunda,Almoço,Batata Frita,Acompanhamento,1,14.9,Pix,Delivery,36,4
864,2026-08-31,Segunda,Tarde,X-Bacon,Lanche,1,29.9,Dinheiro,Balcão,13,4
865,2026-08-31,Segunda,Noite,Refrigerante,Bebida,2,6.9,Pix,Delivery,50,2
866,2026-09-01,Terça,Almoço,Batata Frita,Acompanhamento,1,14.9,Cartão,Delivery,43,4
867,2026-09-01,Terça,Noite,Batata Frita,Acompanhamento,1,14.9,Pix,Balcão,20,5
868,2026-09-01,Terça,Noite,X-Tudo,Lanche,1,34.9,Dinheiro,Balcão,18,4
869,2026-09-01,Terça,Noite,Suco,Bebida,3,8.9,Dinheiro,Balcão,20,4
870,2026-09-01,Terça,Noite,X-Bacon,Lanche,1,29.9,Cartão,Delivery,58,3
871,2026-09-01,Terça,Noite,X-Tudo,Lanche,2,34.9,Cartão,Delivery,43,4
872,2026-09-01,Terça,Almoço,X-Bacon,Lanche,2,29.9,Cartão,Balcão,10,4
873,2026-09-01,Terça,Almoço,X-Bacon,Lanche,3,29.9,Pix,Delivery,27,3
874,2026-09-01,Terça,Almoço,Refrigerante,Bebida,1,6.9,Pix,Delivery,40,4
875,2026-09-01,Terça,Noite,Batata Frita,Acompanhamento,3,14.9,Pix,Delivery,55,2
876,2026-09-01,Terça,Tarde,Milkshake,Sobremesa,1,16.9,Cartão,Balcão,7,5
877,2026-09-01,Terça,Noite,X-Bacon,Lanche,1,29.9,Cartão,Balcão,14,
878,2026-09-01,Terça,Noite,Batata Frita,Acompanhamento,2,14.9,Pix,Delivery,37,4
879,2026-09-01,Terça,Almoço,Milkshake,Sobremesa,1,16.9,Pix,Balcão,16,5
880,2026-09-01,Terça,Noite,X-Bacon,Lanche,1,29.9,Pix,Delivery,46,4
881,2026-09-01,Terça,Noite,Refrigerante,Bebida,1,6.9,Cartão,Balcão,14,4
882,2026-09-01,Terça,Noite,X-Salada,Lanche,1,24.9,Cartão,Balcão,24,4
883,2026-09-02,Quarta,Noite,X-Salada,Lanche,1,24.9,Pix,Delivery,53,
884,2026-09-02,Quarta,Almoço,X-Salada,Lanche,1,24.9,Dinheiro,Delivery,35,4
885,2026-09-02,Quarta,Tarde,X-Bacon,Lanche,2,29.9,Pix,Balcão,17,4
886,2026-09-02,Quarta,Almoço,Batata Frita,Acompanhamento,2,14.9,Cartão,Delivery,37,
887,2026-09-02,Quarta,Tarde,Refrigerante,Bebida,2,6.9,Dinheiro,Delivery,36,
888,2026-09-02,Quarta,Noite,X-Burger,Lanche,1,22.9,Cartão,Balcão,18,4
889,2026-09-02,Quarta,Almoço,X-Burger,Lanche,1,22.9,Cartão,Balcão,15,5
890,2026-09-02,Quarta,Tarde,Milkshake,Sobremesa,2,16.9,Pix,Balcão,18,5
891,2026-09-02,Quarta,Noite,Refrigerante,Bebida,1,6.9,Pix,Delivery,31,3
892,2026-09-02,Quarta,Almoço,X-Burger,Lanche,1,22.9,Cartão,Balcão,19,4
893,2026-09-03,Quinta,Noite,Batata Frita,Acompanhamento,2,14.9,Cartão,Balcão,18,4
894,2026-09-03,Quinta,Noite,Refrigerante,Bebida,3,6.9,Cartão,Delivery,54,4
895,2026-09-03,Quinta,Noite,X-Salada,Lanche,1,24.9,Pix,Delivery,49,3
896,2026-09-03,Quinta,Noite,Suco,Bebida,1,8.9,Pix,Delivery,34,4
897,2026-09-03,Quinta,Noite,X-Burger,Lanche,2,22.9,Pix,Delivery,35,3
898,2026-09-03,Quinta,Noite,X-Tudo,Lanche,1,34.9,Cartão,Delivery,40,4
899,2026-09-03,Quinta,Noite,Milkshake,Sobremesa,1,16.9,Cartão,Delivery,40,3
900,2026-09-03,Quinta,Almoço,Milkshake,Sobremesa,1,16.9,Pix,Balcão,15,4
901,2026-09-03,Quinta,Noite,X-Burger,Lanche,1,22.9,Pix,Balcão,21,4
902,2026-09-03,Quinta,Almoço,Suco,Bebida,1,8.9,Pix,Delivery,36,3
903,2026-09-03,Quinta,Noite,X-Bacon,Lanche,2,29.9,Cartão,Balcão,20,4
904,2026-09-03,Quinta,Noite,X-Tudo,Lanche,1,34.9,Dinheiro,Delivery,36,3
905,2026-09-03,Quinta,Almoço,X-Tudo,Lanche,1,34.9,Pix,Balcão,8,5
906,2026-09-03,Quinta,Noite,X-Bacon,Lanche,1,29.9,Pix,Balcão,15,5
907,2026-09-03,Quinta,Noite,Refrigerante,Bebida,1,6.9,Cartão,Balcão,20,4
908,2026-09-03,Quinta,Noite,X-Burger,Lanche,1,22.9,Cartão,Delivery,34,3
909,2026-09-04,Sexta,Noite,X-Bacon,Lanche,2,29.9,Dinheiro,Delivery,28,3
910,2026-09-04,Sexta,Noite,X-Burger,Lanche,1,22.9,Pix,Balcão,15,
911,2026-09-04,Sexta,Noite,Refrigerante,Bebida,1,6.9,Cartão,Balcão,15,5
912,2026-09-04,Sexta,Noite,Refrigerante,Bebida,4,6.9,Pix,Balcão,11,4
913,2026-09-04,Sexta,Noite,X-Bacon,Lanche,1,29.9,Pix,Balcão,20,4
914,2026-09-04,Sexta,Almoço,X-Tudo,Lanche,1,34.9,Pix,Balcão,13,5
915,2026-09-04,Sexta,Noite,X-Burger,Lanche,1,22.9,Pix,Balcão,16,
916,2026-09-04,Sexta,Noite,Refrigerante,Bebida,1,6.9,Pix,Delivery,53,4
917,2026-09-04,Sexta,Noite,X-Burger,Lanche,2,22.9,Pix,Delivery,30,5
918,2026-09-04,Sexta,Noite,X-Bacon,Lanche,1,29.9,Cartão,Balcão,15,5
919,2026-09-04,Sexta,Almoço,Refrigerante,Bebida,2,6.9,Cartão,Delivery,28,5
920,2026-09-04,Sexta,Almoço,X-Tudo,Lanche,1,34.9,Pix,Balcão,9,5
921,2026-09-04,Sexta,Noite,Batata Frita,Acompanhamento,1,14.9,Cartão,Delivery,45,
922,2026-09-04,Sexta,Noite,Suco,Bebida,2,8.9,Pix,Delivery,53,3
923,2026-09-04,Sexta,Noite,X-Burger,Lanche,1,22.9,Pix,Delivery,21,4
924,2026-09-04,Sexta,Tarde,Refrigerante,Bebida,1,6.9,Cartão,Balcão,10,5
925,2026-09-04,Sexta,Noite,X-Burger,Lanche,1,22.9,Cartão,Delivery,40,4
926,2026-09-04,Sexta,Almoço,Batata Frita,Acompanhamento,1,14.9,Pix,Delivery,48,3
927,2026-09-04,Sexta,Almoço,Refrigerante,Bebida,3,6.9,Pix,Balcão,13,5
928,2026-09-04,Sexta,Noite,Milkshake,Sobremesa,1,16.9,Cartão,Balcão,23,
929,2026-09-04,Sexta,Noite,Refrigerante,Bebida,1,6.9,Pix,Delivery,53,3
930,2026-09-04,Sexta,Noite,Batata Frita,Acompanhamento,1,14.9,Pix,Balcão,18,
931,2026-09-04,Sexta,Almoço,Refrigerante,Bebida,4,6.9,Cartão,Balcão,10,4
932,2026-09-04,Sexta,Noite,Suco,Bebida,3,8.9,Pix,Balcão,23,4
933,2026-09-04,Sexta,Noite,Batata Frita,Acompanhamento,1,14.9,Pix,Balcão,16,4
934,2026-09-04,Sexta,Almoço,Refrigerante,Bebida,2,6.9,Pix,Balcão,25,2
935,2026-09-04,Sexta,Noite,X-Burger,Lanche,1,22.9,Pix,Delivery,35,4
936,2026-09-05,Sábado,Noite,X-Bacon,Lanche,1,29.9,Cartão,Delivery,34,3
937,2026-09-05,Sábado,Almoço,Milkshake,Sobremesa,1,16.9,Pix,Balcão,15,4
938,2026-09-05,Sábado,Almoço,X-Burger,Lanche,1,22.9,Dinheiro,Delivery,48,3
939,2026-09-05,Sábado,Almoço,X-Bacon,Lanche,2,29.9,Dinheiro,Balcão,8,
940,2026-09-05,Sábado,Noite,Refrigerante,Bebida,2,6.9,Pix,Balcão,20,4
941,2026-09-05,Sábado,Noite,X-Tudo,Lanche,1,34.9,Cartão,Delivery,48,3
942,2026-09-05,Sábado,Tarde,X-Burger,Lanche,2,22.9,Pix,Delivery,46,3
943,2026-09-05,Sábado,Tarde,Batata Frita,Acompanhamento,2,14.9,Cartão,Balcão,9,5
944,2026-09-05,Sábado,Noite,X-Tudo,Lanche,1,34.9,Cartão,Delivery,36,3
945,2026-09-05,Sábado,Noite,X-Burger,Lanche,2,22.9,Cartão,Delivery,33,4
946,2026-09-05,Sábado,Noite,Milkshake,Sobremesa,1,16.9,Dinheiro,Balcão,15,5
947,2026-09-05,Sábado,Noite,Refrigerante,Bebida,2,6.9,Pix,Delivery,43,3
948,2026-09-05,Sábado,Almoço,X-Salada,Lanche,1,24.9,Cartão,Balcão,12,5
949,2026-09-05,Sábado,Tarde,Milkshake,Sobremesa,3,16.9,Pix,Balcão,16,4
950,2026-09-05,Sábado,Almoço,X-Tudo,Lanche,1,34.9,Cartão,Delivery,20,4
951,2026-09-05,Sábado,Noite,Milkshake,Sobremesa,1,16.9,Pix,Delivery,43,3
952,2026-09-05,Sábado,Noite,Refrigerante,Bebida,2,6.9,Pix,Balcão,13,5
953,2026-09-05,Sábado,Almoço,Refrigerante,Bebida,1,6.9,Cartão,Balcão,16,5
954,2026-09-05,Sábado,Almoço,Batata Frita,Acompanhamento,1,14.9,Dinheiro,Delivery,41,4
955,2026-09-05,Sábado,Almoço,Batata Frita,Acompanhamento,1,14.9,Pix,Balcão,13,4
956,2026-09-05,Sábado,Noite,Suco,Bebida,1,8.9,Pix,Balcão,12,5
957,2026-09-05,Sábado,Noite,X-Bacon,Lanche,1,29.9,Pix,Balcão,19,
958,2026-09-05,Sábado,Noite,Batata Frita,Acompanhamento,2,14.9,Pix,Delivery,53,4
959,2026-09-05,Sábado,Noite,Refrigerante,Bebida,3,6.9,Pix,Balcão,17,4
960,2026-09-05,Sábado,Tarde,Suco,Bebida,1,8.9,Cartão,Balcão,16,5
961,2026-09-05,Sábado,Almoço,Batata Frita,Acompanhamento,1,14.9,Cartão,Delivery,29,4
962,2026-09-05,Sábado,Noite,X-Burger,Lanche,1,22.9,Cartão,Delivery,33,3
963,2026-09-05,Sábado,Almoço,X-Salada,Lanche,2,24.9,Cartão,Balcão,11,5
964,2026-09-05,Sábado,Noite,Suco,Bebida,1,8.9,Pix,Delivery,38,4
965,2026-09-05,Sábado,Tarde,Refrigerante,Bebida,3,6.9,Dinheiro,Balcão,19,4
966,2026-09-05,Sábado,Almoço,X-Salada,Lanche,1,24.9,Cartão,Delivery,27,
967,2026-09-06,Domingo,Almoço,X-Burger,Lanche,1,22.9,Pix,Balcão,8,5
968,2026-09-06,Domingo,Noite,X-Bacon,Lanche,1,29.9,Cartão,Balcão,18,5
969,2026-09-06,Domingo,Noite,X-Bacon,Lanche,1,29.9,Pix,Delivery,28,4
970,2026-09-06,Domingo,Noite,X-Burger,Lanche,1,22.9,Cartão,Balcão,14,4
971,2026-09-06,Domingo,Almoço,X-Bacon,Lanche,1,29.9,Pix,Delivery,47,4
972,2026-09-06,Domingo,Almoço,Refrigerante,Bebida,1,6.9,Cartão,Delivery,48,3
973,2026-09-06,Domingo,Noite,X-Burger,Lanche,1,22.9,Dinheiro,Delivery,25,5
974,2026-09-06,Domingo,Almoço,Refrigerante,Bebida,2,6.9,Cartão,Balcão,13,5
975,2026-09-06,Domingo,Noite,Refrigerante,Bebida,1,6.9,Cartão,Delivery,28,
976,2026-09-06,Domingo,Almoço,Refrigerante,Bebida,1,6.9,Cartão,Balcão,13,4
977,2026-09-06,Domingo,Tarde,X-Bacon,Lanche,1,29.9,Cartão,Balcão,16,5
978,2026-09-06,Domingo,Almoço,X-Burger,Lanche,1,22.9,Pix,Balcão,11,5
979,2026-09-06,Domingo,Almoço,Refrigerante,Bebida,1,6.9,Pix,Delivery,38,3
980,2026-09-06,Domingo,Almoço,Batata Frita,Acompanhamento,1,14.9,Dinheiro,Delivery,44,3
981,2026-09-06,Domingo,Noite,Batata Frita,Acompanhamento,2,14.9,Dinheiro,Delivery,63,
982,2026-09-06,Domingo,Noite,X-Bacon,Lanche,2,29.9,Cartão,Balcão,13,5
983,2026-09-06,Domingo,Almoço,Refrigerante,Bebida,1,6.9,Pix,Delivery,24,4
984,2026-09-06,Domingo,Almoço,Refrigerante,Bebida,1,6.9,Dinheiro,Delivery,46,3
985,2026-09-06,Domingo,Noite,Batata Frita,Acompanhamento,1,14.9,Pix,Delivery,40,3
986,2026-09-06,Domingo,Noite,Suco,Bebida,4,8.9,Pix,Delivery,47,4
987,2026-09-06,Domingo,Almoço,X-Bacon,Lanche,2,29.9,Dinheiro,Balcão,12,5
988,2026-09-07,Segunda,Noite,Refrigerante,Bebida,1,6.9,Dinheiro,Balcão,25,5
989,2026-09-07,Segunda,Tarde,Milkshake,Sobremesa,1,16.9,Pix,Delivery,32,4
990,2026-09-07,Segunda,Almoço,X-Bacon,Lanche,2,29.9,Cartão,Balcão,18,5
991,2026-09-07,Segunda,Tarde,Refrigerante,Bebida,2,6.9,Pix,Delivery,42,3
992,2026-09-07,Segunda,Almoço,X-Bacon,Lanche,1,29.9,Pix,Balcão,17,4
993,2026-09-07,Segunda,Noite,Milkshake,Sobremesa,2,16.9,Cartão,Delivery,44,3
994,2026-09-07,Segunda,Noite,X-Tudo,Lanche,2,34.9,Pix,Balcão,9,
995,2026-09-08,Terça,Almoço,X-Salada,Lanche,1,24.9,Cartão,Balcão,15,5
996,2026-09-08,Terça,Noite,Milkshake,Sobremesa,1,16.9,Pix,Delivery,46,3
997,2026-09-08,Terça,Noite,Refrigerante,Bebida,1,6.9,Pix,Delivery,28,4
998,2026-09-08,Terça,Noite,X-Tudo,Lanche,1,34.9,Pix,Delivery,40,4
999,2026-09-08,Terça,Tarde,Refrigerante,Bebida,2,6.9,Pix,Delivery,47,
1000,2026-09-08,Terça,Noite,Refrigerante,Bebida,4,6.9,Pix,Delivery,44,3
1001,2026-09-08,Terça,Noite,Batata Frita,Acompanhamento,1,14.9,Pix,Balcão,17,4
1002,2026-09-08,Terça,Noite,X-Bacon,Lanche,1,29.9,Pix,Delivery,47,3
1003,2026-09-08,Terça,Noite,Refrigerante,Bebida,1,6.9,Pix,Balcão,23,4
1004,2026-09-08,Terça,Almoço,X-Salada,Lanche,2,24.9,Cartão,Delivery,32,4
1005,2026-09-08,Terça,Noite,X-Tudo,Lanche,1,34.9,Pix,Balcão,19,5
1006,2026-09-08,Terça,Almoço,Batata Frita,Acompanhamento,2,14.9,Cartão,Delivery,47,2
1007,2026-09-08,Terça,Noite,X-Bacon,Lanche,2,29.9,Cartão,Balcão,17,5
1008,2026-09-08,Terça,Noite,Milkshake,Sobremesa,1,16.9,Pix,Delivery,49,3
1009,2026-09-09,Quarta,Noite,X-Salada,Lanche,1,24.9,Cartão,Delivery,32,4
1010,2026-09-09,Quarta,Tarde,Milkshake,Sobremesa,1,16.9,Pix,Delivery,39,4
1011,2026-09-09,Quarta,Noite,Milkshake,Sobremesa,2,16.9,Cartão,Delivery,41,4
1012,2026-09-09,Quarta,Almoço,Batata Frita,Acompanhamento,2,14.9,Pix,Delivery,30,4
1013,2026-09-09,Quarta,Noite,X-Bacon,Lanche,2,29.9,Cartão,Delivery,42,4
1014,2026-09-09,Quarta,Almoço,X-Tudo,Lanche,1,34.9,Dinheiro,Balcão,14,4
1015,2026-09-09,Quarta,Noite,X-Burger,Lanche,2,22.9,Dinheiro,Delivery,41,4
1016,2026-09-09,Quarta,Tarde,Suco,Bebida,3,8.9,Cartão,Balcão,15,4
1017,2026-09-09,Quarta,Almoço,Batata Frita,Acompanhamento,1,14.9,Cartão,Delivery,32,4
1018,2026-09-09,Quarta,Tarde,X-Burger,Lanche,1,22.9,Pix,Balcão,12,4
1019,2026-09-09,Quarta,Almoço,X-Tudo,Lanche,2,34.9,Cartão,Balcão,13,5
1020,2026-09-09,Quarta,Almoço,Refrigerante,Bebida,2,6.9,Pix,Balcão,11,5
1021,2026-09-09,Quarta,Noite,X-Tudo,Lanche,1,34.9,Dinheiro,Balcão,17,3
1022,2026-09-09,Quarta,Tarde,Batata Frita,Acompanhamento,1,14.9,Cartão,Balcão,15,5
1023,2026-09-09,Quarta,Almoço,X-Burger,Lanche,2,22.9,Pix,Delivery,31,3
1024,2026-09-09,Quarta,Noite,X-Burger,Lanche,1,22.9,Cartão,Balcão,21,4
1025,2026-09-09,Quarta,Tarde,Refrigerante,Bebida,2,6.9,Dinheiro,Delivery,26,4
1026,2026-09-09,Quarta,Noite,X-Tudo,Lanche,1,34.9,Pix,Balcão,17,4
1027,2026-09-09,Quarta,Noite,Batata Frita,Acompanhamento,1,14.9,Cartão,Balcão,23,4
1028,2026-09-09,Quarta,Almoço,Batata Frita,Acompanhamento,2,14.9,Cartão,Delivery,38,3
1029,2026-09-10,Quinta,Tarde,X-Bacon,Lanche,1,29.9,Pix,Balcão,14,5
1030,2026-09-10,Quinta,Noite,Batata Frita,Acompanhamento,2,14.9,Dinheiro,Delivery,27,3
1031,2026-09-10,Quinta,Noite,X-Tudo,Lanche,1,34.9,Dinheiro,Balcão,16,5
1032,2026-09-10,Quinta,Noite,X-Burger,Lanche,2,22.9,Pix,Balcão,19,4
1033,2026-09-10,Quinta,Tarde,Batata Frita,Acompanhamento,1,14.9,Pix,Balcão,14,
1034,2026-09-10,Quinta,Almoço,X-Tudo,Lanche,1,34.9,Pix,Balcão,11,4
1035,2026-09-10,Quinta,Tarde,Refrigerante,Bebida,1,6.9,Cartão,Delivery,27,4
1036,2026-09-10,Quinta,Noite,Milkshake,Sobremesa,1,16.9,Cartão,Balcão,20,5
1037,2026-09-10,Quinta,Noite,X-Tudo,Lanche,1,34.9,Pix,Delivery,34,
1038,2026-09-10,Quinta,Noite,Refrigerante,Bebida,2,6.9,Pix,Balcão,19,5
1039,2026-09-10,Quinta,Noite,X-Burger,Lanche,2,22.9,Pix,Balcão,17,5
1040,2026-09-10,Quinta,Noite,X-Burger,Lanche,2,22.9,Cartão,Balcão,10,5
1041,2026-09-10,Quinta,Noite,X-Burger,Lanche,1,22.9,Cartão,Delivery,51,2
1042,2026-09-10,Quinta,Almoço,Suco,Bebida,1,8.9,Cartão,Delivery,32,
1043,2026-09-10,Quinta,Noite,Batata Frita,Acompanhamento,1,14.9,Pix,Balcão,19,4
1044,2026-09-10,Quinta,Almoço,Refrigerante,Bebida,3,6.9,Cartão,Balcão,6,5
1045,2026-09-10,Quinta,Almoço,Batata Frita,Acompanhamento,1,14.9,Pix,Balcão,13,4
1046,2026-09-11,Sexta,Noite,Batata Frita,Acompanhamento,1,14.9,Cartão,Delivery,41,4
1047,2026-09-11,Sexta,Noite,Suco,Bebida,4,8.9,Pix,Delivery,22,4
1048,2026-09-11,Sexta,Noite,X-Burger,Lanche,2,22.9,Pix,Delivery,36,4
1049,2026-09-11,Sexta,Noite,Refrigerante,Bebida,1,6.9,Pix,Delivery,33,4
1050,2026-09-11,Sexta,Tarde,X-Salada,Lanche,2,24.9,Cartão,Delivery,41,4
1051,2026-09-11,Sexta,Noite,Suco,Bebida,4,8.9,Cartão,Balcão,18,4
1052,2026-09-11,Sexta,Noite,Refrigerante,Bebida,1,6.9,Pix,Balcão,20,5
1053,2026-09-11,Sexta,Noite,Milkshake,Sobremesa,3,16.9,Cartão,Balcão,19,5
1054,2026-09-11,Sexta,Tarde,X-Tudo,Lanche,2,34.9,Pix,Delivery,24,3
1055,2026-09-11,Sexta,Noite,X-Salada,Lanche,1,24.9,Cartão,Balcão,23,5
1056,2026-09-11,Sexta,Noite,Refrigerante,Bebida,2,6.9,Dinheiro,Balcão,22,5
1057,2026-09-11,Sexta,Tarde,X-Burger,Lanche,1,22.9,Pix,Balcão,19,4
1058,2026-09-11,Sexta,Noite,X-Salada,Lanche,1,24.9,Dinheiro,Delivery,56,3
1059,2026-09-11,Sexta,Almoço,Refrigerante,Bebida,1,6.9,Pix,Delivery,31,5
1060,2026-09-11,Sexta,Tarde,X-Bacon,Lanche,1,29.9,Pix,Balcão,16,5
1061,2026-09-11,Sexta,Noite,Milkshake,Sobremesa,2,16.9,Pix,Balcão,15,
1062,2026-09-11,Sexta,Almoço,Refrigerante,Bebida,2,6.9,Pix,Delivery,37,4
1063,2026-09-11,Sexta,Tarde,Batata Frita,Acompanhamento,2,14.9,Dinheiro,Balcão,11,
1064,2026-09-11,Sexta,Noite,Suco,Bebida,2,8.9,Pix,Delivery,36,4
1065,2026-09-11,Sexta,Noite,Refrigerante,Bebida,2,6.9,Cartão,Delivery,37,4
1066,2026-09-11,Sexta,Noite,Refrigerante,Bebida,2,6.9,Pix,Delivery,64,3
1067,2026-09-11,Sexta,Noite,Refrigerante,Bebida,1,6.9,Dinheiro,Delivery,36,4
1068,2026-09-11,Sexta,Noite,Refrigerante,Bebida,1,6.9,Pix,Delivery,48,
1069,2026-09-11,Sexta,Almoço,X-Burger,Lanche,1,22.9,Cartão,Balcão,15,5
1070,2026-09-11,Sexta,Tarde,X-Burger,Lanche,1,22.9,Pix,Delivery,37,
1071,2026-09-11,Sexta,Noite,X-Salada,Lanche,2,24.9,Cartão,Delivery,52,4
1072,2026-09-11,Sexta,Almoço,Refrigerante,Bebida,2,6.9,Dinheiro,Delivery,35,
1073,2026-09-11,Sexta,Almoço,Refrigerante,Bebida,2,6.9,Cartão,Delivery,42,3
1074,2026-09-11,Sexta,Noite,Batata Frita,Acompanhamento,1,14.9,Cartão,Balcão,10,4
1075,2026-09-11,Sexta,Noite,X-Tudo,Lanche,2,34.9,Pix,Delivery,51,3
1076,2026-09-12,Sábado,Noite,X-Salada,Lanche,2,24.9,Pix,Delivery,36,
1077,2026-09-12,Sábado,Noite,Milkshake,Sobremesa,2,16.9,Pix,Delivery,36,3
1078,2026-09-12,Sábado,Noite,Milkshake,Sobremesa,1,16.9,Pix,Balcão,11,5
1079,2026-09-12,Sábado,Noite,Batata Frita,Acompanhamento,1,14.9,Pix,Delivery,42,3
1080,2026-09-12,Sábado,Noite,X-Tudo,Lanche,2,34.9,Cartão,Delivery,48,
1081,2026-09-12,Sábado,Tarde,Batata Frita,Acompanhamento,3,14.9,Dinheiro,Balcão,9,5
1082,2026-09-12,Sábado,Noite,X-Tudo,Lanche,1,34.9,Cartão,Delivery,53,2
1083,2026-09-12,Sábado,Noite,Refrigerante,Bebida,1,6.9,Pix,Balcão,18,5
1084,2026-09-12,Sábado,Almoço,Milkshake,Sobremesa,1,16.9,Pix,Delivery,39,3
1085,2026-09-12,Sábado,Almoço,X-Tudo,Lanche,1,34.9,Dinheiro,Delivery,43,4
1086,2026-09-12,Sábado,Tarde,X-Salada,Lanche,2,24.9,Pix,Delivery,42,4
1087,2026-09-12,Sábado,Noite,X-Salada,Lanche,1,24.9,Pix,Balcão,24,5
1088,2026-09-12,Sábado,Noite,X-Burger,Lanche,1,22.9,Cartão,Delivery,53,4
1089,2026-09-12,Sábado,Almoço,Refrigerante,Bebida,1,6.9,Cartão,Delivery,34,4
1090,2026-09-12,Sábado,Noite,Batata Frita,Acompanhamento,3,14.9,Pix,Balcão,11,4
1091,2026-09-12,Sábado,Noite,Batata Frita,Acompanhamento,3,14.9,Pix,Balcão,21,5
1092,2026-09-12,Sábado,Almoço,Refrigerante,Bebida,1,6.9,Cartão,Balcão,9,4
1093,2026-09-12,Sábado,Noite,X-Burger,Lanche,1,22.9,Dinheiro,Balcão,18,4
1094,2026-09-12,Sábado,Noite,X-Burger,Lanche,2,22.9,Pix,Delivery,48,3
1095,2026-09-12,Sábado,Noite,X-Burger,Lanche,1,22.9,Cartão,Balcão,15,4
1096,2026-09-12,Sábado,Noite,Batata Frita,Acompanhamento,1,14.9,Pix,Balcão,8,5
1097,2026-09-12,Sábado,Almoço,X-Salada,Lanche,1,24.9,Dinheiro,Balcão,15,5
1098,2026-09-12,Sábado,Tarde,X-Salada,Lanche,1,24.9,Cartão,Delivery,33,
1099,2026-09-12,Sábado,Tarde,X-Bacon,Lanche,1,29.9,Pix,Balcão,18,5
1100,2026-09-12,Sábado,Tarde,Refrigerante,Bebida,2,6.9,Cartão,Balcão,6,5
1101,2026-09-12,Sábado,Noite,Suco,Bebida,1,8.9,Pix,Delivery,41,4
1102,2026-09-13,Domingo,Noite,X-Bacon,Lanche,1,29.9,Pix,Delivery,34,3
1103,2026-09-13,Domingo,Almoço,Refrigerante,Bebida,2,6.9,Pix,Delivery,43,4
1104,2026-09-13,Domingo,Noite,X-Bacon,Lanche,1,29.9,Cartão,Delivery,50,3
1105,2026-09-13,Domingo,Noite,X-Bacon,Lanche,3,29.9,Cartão,Delivery,41,3
1106,2026-09-13,Domingo,Almoço,Refrigerante,Bebida,1,6.9,Pix,Delivery,48,3
1107,2026-09-13,Domingo,Tarde,Milkshake,Sobremesa,1,16.9,Pix,Delivery,21,4
1108,2026-09-13,Domingo,Noite,Refrigerante,Bebida,2,6.9,Dinheiro,Delivery,42,4
1109,2026-09-13,Domingo,Noite,Milkshake,Sobremesa,1,16.9,Cartão,Delivery,43,
1110,2026-09-13,Domingo,Noite,Milkshake,Sobremesa,2,16.9,Cartão,Delivery,50,3
1111,2026-09-13,Domingo,Tarde,X-Tudo,Lanche,2,34.9,Pix,Balcão,18,4
1112,2026-09-13,Domingo,Almoço,X-Burger,Lanche,2,22.9,Cartão,Delivery,29,4
1113,2026-09-13,Domingo,Noite,Batata Frita,Acompanhamento,1,14.9,Pix,Delivery,36,3
1114,2026-09-13,Domingo,Noite,Batata Frita,Acompanhamento,1,14.9,Cartão,Delivery,35,4
1115,2026-09-13,Domingo,Noite,X-Burger,Lanche,1,22.9,Pix,Balcão,14,
1116,2026-09-13,Domingo,Tarde,X-Tudo,Lanche,1,34.9,Cartão,Delivery,41,3
1117,2026-09-13,Domingo,Noite,X-Burger,Lanche,2,22.9,Cartão,Balcão,12,5
1118,2026-09-13,Domingo,Tarde,X-Burger,Lanche,3,22.9,Pix,Balcão,14,4
1119,2026-09-13,Domingo,Noite,Refrigerante,Bebida,2,6.9,Cartão,Delivery,58,3
1120,2026-09-13,Domingo,Noite,X-Bacon,Lanche,1,29.9,Cartão,Balcão,20,4
1121,2026-09-13,Domingo,Noite,Batata Frita,Acompanhamento,1,14.9,Pix,Delivery,50,2
1122,2026-09-13,Domingo,Noite,X-Burger,Lanche,1,22.9,Pix,Delivery,34,3
1123,2026-09-13,Domingo,Almoço,Milkshake,Sobremesa,2,16.9,Dinheiro,Delivery,45,4
1124,2026-09-13,Domingo,Almoço,Batata Frita,Acompanhamento,1,14.9,Dinheiro,Balcão,10,5
1125,2026-09-13,Domingo,Noite,Refrigerante,Bebida,2,6.9,Dinheiro,Delivery,39,4
1126,2026-09-14,Segunda,Noite,Suco,Bebida,3,8.9,Cartão,Delivery,44,3
1127,2026-09-14,Segunda,Almoço,Batata Frita,Acompanhamento,1,14.9,Cartão,Balcão,9,5
1128,2026-09-14,Segunda,Noite,X-Burger,Lanche,1,22.9,Cartão,Delivery,32,4
1129,2026-09-14,Segunda,Almoço,Refrigerante,Bebida,2,6.9,Pix,Delivery,42,2
1130,2026-09-14,Segunda,Noite,X-Salada,Lanche,1,24.9,Dinheiro,Delivery,43,4
1131,2026-09-14,Segunda,Noite,Refrigerante,Bebida,2,6.9,Pix,Delivery,31,4
1132,2026-09-14,Segunda,Noite,Suco,Bebida,2,8.9,Pix,Balcão,15,4
1133,2026-09-15,Terça,Noite,X-Salada,Lanche,1,24.9,Dinheiro,Delivery,26,4
1134,2026-09-15,Terça,Noite,Batata Frita,Acompanhamento,2,14.9,Dinheiro,Delivery,41,3
1135,2026-09-15,Terça,Noite,Refrigerante,Bebida,1,6.9,Dinheiro,Delivery,53,3
1136,2026-09-15,Terça,Noite,X-Burger,Lanche,1,22.9,Cartão,Balcão,19,4
1137,2026-09-15,Terça,Almoço,Batata Frita,Acompanhamento,2,14.9,Cartão,Balcão,9,4
1138,2026-09-15,Terça,Noite,X-Bacon,Lanche,2,29.9,Dinheiro,Balcão,18,5
1139,2026-09-15,Terça,Noite,Milkshake,Sobremesa,2,16.9,Pix,Balcão,21,
1140,2026-09-15,Terça,Noite,X-Salada,Lanche,1,24.9,Pix,Balcão,14,5
1141,2026-09-15,Terça,Noite,X-Burger,Lanche,1,22.9,Pix,Delivery,43,3
1142,2026-09-15,Terça,Almoço,Refrigerante,Bebida,1,6.9,Dinheiro,Balcão,8,5
1143,2026-09-15,Terça,Tarde,Refrigerante,Bebida,4,6.9,Pix,Delivery,31,4
1144,2026-09-15,Terça,Tarde,Batata Frita,Acompanhamento,2,14.9,Dinheiro,Delivery,25,4
1145,2026-09-16,Quarta,Noite,Refrigerante,Bebida,3,6.9,Pix,Balcão,9,5
1146,2026-09-16,Quarta,Tarde,X-Bacon,Lanche,1,29.9,Cartão,Delivery,35,3
1147,2026-09-16,Quarta,Noite,Milkshake,Sobremesa,2,16.9,Cartão,Delivery,54,3
1148,2026-09-16,Quarta,Almoço,X-Bacon,Lanche,1,29.9,Cartão,Delivery,41,4
1149,2026-09-16,Quarta,Almoço,Refrigerante,Bebida,1,6.9,Cartão,Delivery,38,
1150,2026-09-16,Quarta,Tarde,Suco,Bebida,1,8.9,Cartão,Balcão,16,3
1151,2026-09-16,Quarta,Tarde,X-Salada,Lanche,1,24.9,Cartão,Delivery,40,3
1152,2026-09-16,Quarta,Noite,X-Salada,Lanche,1,24.9,Pix,Delivery,48,3
1153,2026-09-16,Quarta,Tarde,X-Salada,Lanche,1,24.9,Pix,Delivery,35,
1154,2026-09-16,Quarta,Noite,X-Salada,Lanche,1,24.9,Pix,Balcão,17,5
1155,2026-09-16,Quarta,Noite,X-Burger,Lanche,1,22.9,Cartão,Delivery,38,4
1156,2026-09-16,Quarta,Tarde,X-Burger,Lanche,1,22.9,Pix,Balcão,20,4
1157,2026-09-16,Quarta,Tarde,X-Tudo,Lanche,1,34.9,Pix,Delivery,54,
1158,2026-09-16,Quarta,Almoço,X-Bacon,Lanche,2,29.9,Cartão,Delivery,24,4
1159,2026-09-16,Quarta,Almoço,Milkshake,Sobremesa,1,16.9,Pix,Balcão,11,5
1160,2026-09-17,Quinta,Noite,X-Tudo,Lanche,2,34.9,Pix,Delivery,62,2
1161,2026-09-17,Quinta,Noite,Milkshake,Sobremesa,1,16.9,Cartão,Delivery,54,4
1162,2026-09-17,Quinta,Almoço,X-Burger,Lanche,2,22.9,Pix,Delivery,48,3
1163,2026-09-17,Quinta,Noite,X-Tudo,Lanche,2,34.9,Cartão,Balcão,17,4
1164,2026-09-17,Quinta,Noite,X-Bacon,Lanche,1,29.9,Pix,Delivery,33,3
1165,2026-09-17,Quinta,Noite,Suco,Bebida,1,8.9,Pix,Balcão,15,5
1166,2026-09-17,Quinta,Noite,Batata Frita,Acompanhamento,2,14.9,Cartão,Delivery,44,4
1167,2026-09-17,Quinta,Noite,X-Burger,Lanche,2,22.9,Pix,Delivery,40,2
1168,2026-09-17,Quinta,Noite,Batata Frita,Acompanhamento,2,14.9,Cartão,Delivery,56,2
1169,2026-09-17,Quinta,Noite,Suco,Bebida,1,8.9,Pix,Balcão,7,4
1170,2026-09-17,Quinta,Noite,Refrigerante,Bebida,2,6.9,Pix,Balcão,21,3
1171,2026-09-17,Quinta,Tarde,X-Burger,Lanche,1,22.9,Cartão,Balcão,20,
1172,2026-09-17,Quinta,Noite,Refrigerante,Bebida,2,6.9,Pix,Delivery,48,4
1173,2026-09-17,Quinta,Noite,X-Burger,Lanche,2,22.9,Pix,Balcão,22,5
1174,2026-09-17,Quinta,Almoço,Refrigerante,Bebida,2,6.9,Pix,Delivery,25,5
1175,2026-09-18,Sexta,Tarde,Batata Frita,Acompanhamento,1,14.9,Cartão,Delivery,46,3
1176,2026-09-18,Sexta,Noite,X-Burger,Lanche,1,22.9,Pix,Balcão,18,4
1177,2026-09-18,Sexta,Noite,Suco,Bebida,1,8.9,Cartão,Balcão,21,4
1178,2026-09-18,Sexta,Noite,X-Burger,Lanche,1,22.9,Cartão,Balcão,14,5
1179,2026-09-18,Sexta,Tarde,X-Salada,Lanche,1,24.9,Dinheiro,Balcão,12,5
1180,2026-09-18,Sexta,Noite,Refrigerante,Bebida,4,6.9,Pix,Balcão,15,5
1181,2026-09-18,Sexta,Almoço,Batata Frita,Acompanhamento,1,14.9,Cartão,Balcão,10,4
1182,2026-09-18,Sexta,Almoço,Refrigerante,Bebida,2,6.9,Pix,Delivery,33,4
1183,2026-09-18,Sexta,Almoço,X-Bacon,Lanche,1,29.9,Pix,Delivery,27,3
1184,2026-09-18,Sexta,Noite,Refrigerante,Bebida,1,6.9,Cartão,Delivery,26,
1185,2026-09-18,Sexta,Tarde,Refrigerante,Bebida,1,6.9,Pix,Delivery,23,5
1186,2026-09-18,Sexta,Noite,X-Bacon,Lanche,3,29.9,Dinheiro,Delivery,42,4
1187,2026-09-18,Sexta,Tarde,X-Bacon,Lanche,1,29.9,Pix,Delivery,43,3
1188,2026-09-18,Sexta,Tarde,X-Burger,Lanche,1,22.9,Pix,Delivery,39,4
1189,2026-09-18,Sexta,Noite,X-Bacon,Lanche,1,29.9,Cartão,Balcão,19,4
1190,2026-09-18,Sexta,Tarde,X-Burger,Lanche,1,22.9,Pix,Balcão,15,4
1191,2026-09-18,Sexta,Noite,X-Salada,Lanche,1,24.9,Pix,Delivery,26,4
1192,2026-09-18,Sexta,Tarde,Suco,Bebida,2,8.9,Pix,Delivery,37,4
1193,2026-09-18,Sexta,Noite,Batata Frita,Acompanhamento,2,14.9,Dinheiro,Balcão,21,4
1194,2026-09-18,Sexta,Noite,X-Tudo,Lanche,2,34.9,Pix,Delivery,30,3
1195,2026-09-18,Sexta,Noite,Suco,Bebida,1,8.9,Cartão,Balcão,17,4
1196,2026-09-18,Sexta,Almoço,X-Burger,Lanche,3,22.9,Pix,Balcão,16,4
1197,2026-09-18,Sexta,Noite,X-Bacon,Lanche,2,29.9,Pix,Balcão,9,5
1198,2026-09-19,Sábado,Noite,X-Bacon,Lanche,2,29.9,Dinheiro,Delivery,45,3
1199,2026-09-19,Sábado,Noite,Refrigerante,Bebida,1,6.9,Cartão,Balcão,13,5
1200,2026-09-19,Sábado,Almoço,X-Burger,Lanche,1,22.9,Pix,Balcão,16,5
1201,2026-09-19,Sábado,Noite,X-Salada,Lanche,2,24.9,Pix,Delivery,49,3
1202,2026-09-19,Sábado,Almoço,Suco,Bebida,1,8.9,Cartão,Delivery,27,4
1203,2026-09-19,Sábado,Noite,Refrigerante,Bebida,1,6.9,Cartão,Balcão,17,4
1204,2026-09-19,Sábado,Almoço,X-Salada,Lanche,1,24.9,Dinheiro,Delivery,31,4
1205,2026-09-19,Sábado,Almoço,Batata Frita,Acompanhamento,1,14.9,Pix,Balcão,19,5
1206,2026-09-19,Sábado,Noite,Refrigerante,Bebida,4,6.9,Cartão,Balcão,11,5
1207,2026-09-19,Sábado,Tarde,X-Salada,Lanche,1,24.9,Pix,Delivery,22,
1208,2026-09-19,Sábado,Almoço,X-Salada,Lanche,2,24.9,Cartão,Balcão,8,
1209,2026-09-19,Sábado,Almoço,Refrigerante,Bebida,1,6.9,Cartão,Delivery,37,4
1210,2026-09-19,Sábado,Noite,Batata Frita,Acompanhamento,2,14.9,Cartão,Delivery,53,2
1211,2026-09-19,Sábado,Noite,X-Bacon,Lanche,1,29.9,Pix,Delivery,33,4
1212,2026-09-19,Sábado,Noite,X-Bacon,Lanche,1,29.9,Pix,Delivery,29,4
1213,2026-09-19,Sábado,Tarde,Milkshake,Sobremesa,1,16.9,Dinheiro,Balcão,16,5
1214,2026-09-19,Sábado,Tarde,Refrigerante,Bebida,1,6.9,Pix,Delivery,47,
1215,2026-09-19,Sábado,Noite,Refrigerante,Bebida,2,6.9,Pix,Delivery,47,3
1216,2026-09-19,Sábado,Almoço,Milkshake,Sobremesa,1,16.9,Pix,Balcão,17,4
1217,2026-09-19,Sábado,Noite,X-Bacon,Lanche,2,29.9,Pix,Balcão,15,5
1218,2026-09-19,Sábado,Noite,X-Tudo,Lanche,2,34.9,Pix,Delivery,44,3
1219,2026-09-19,Sábado,Noite,X-Burger,Lanche,2,22.9,Pix,Delivery,46,3
1220,2026-09-19,Sábado,Almoço,X-Salada,Lanche,3,24.9,Pix,Delivery,22,3
1221,2026-09-19,Sábado,Noite,X-Bacon,Lanche,1,29.9,Pix,Balcão,15,3
1222,2026-09-20,Domingo,Almoço,Refrigerante,Bebida,1,6.9,Pix,Delivery,48,3
1223,2026-09-20,Domingo,Noite,X-Burger,Lanche,1,22.9,Cartão,Balcão,16,5
1224,2026-09-20,Domingo,Noite,Suco,Bebida,4,8.9,Pix,Delivery,29,4
1225,2026-09-20,Domingo,Almoço,Refrigerante,Bebida,1,6.9,Cartão,Delivery,62,2
1226,2026-09-20,Domingo,Noite,Suco,Bebida,4,8.9,Dinheiro,Balcão,13,5
1227,2026-09-20,Domingo,Almoço,X-Burger,Lanche,2,22.9,Cartão,Balcão,15,5
1228,2026-09-20,Domingo,Noite,Milkshake,Sobremesa,2,16.9,Cartão,Balcão,28,4
1229,2026-09-20,Domingo,Noite,Refrigerante,Bebida,1,6.9,Pix,Balcão,20,5
1230,2026-09-20,Domingo,Tarde,Suco,Bebida,2,8.9,Pix,Balcão,11,5
1231,2026-09-20,Domingo,Almoço,X-Tudo,Lanche,3,34.9,Cartão,Balcão,13,4
1232,2026-09-20,Domingo,Noite,X-Burger,Lanche,1,22.9,Pix,Delivery,45,4
1233,2026-09-20,Domingo,Almoço,Refrigerante,Bebida,1,6.9,Dinheiro,Balcão,11,4
1234,2026-09-20,Domingo,Tarde,Batata Frita,Acompanhamento,1,14.9,Pix,Delivery,40,3
1235,2026-09-20,Domingo,Almoço,X-Salada,Lanche,1,24.9,Cartão,Delivery,36,
1236,2026-09-20,Domingo,Almoço,X-Bacon,Lanche,1,29.9,Cartão,Delivery,27,4
1237,2026-09-21,Segunda,Noite,X-Burger,Lanche,2,22.9,Pix,Balcão,18,4
1238,2026-09-21,Segunda,Almoço,Refrigerante,Bebida,2,6.9,Pix,Delivery,24,5
1239,2026-09-21,Segunda,Almoço,X-Burger,Lanche,1,22.9,Pix,Delivery,18,4
1240,2026-09-21,Segunda,Almoço,X-Bacon,Lanche,1,29.9,Cartão,Delivery,39,3
1241,2026-09-21,Segunda,Noite,X-Burger,Lanche,1,22.9,Cartão,Balcão,21,4
1242,2026-09-21,Segunda,Almoço,X-Tudo,Lanche,1,34.9,Cartão,Delivery,42,4
1243,2026-09-21,Segunda,Noite,X-Burger,Lanche,1,22.9,Cartão,Balcão,17,4
1244,2026-09-21,Segunda,Almoço,Milkshake,Sobremesa,1,16.9,Cartão,Balcão,13,4
1245,2026-09-21,Segunda,Noite,X-Bacon,Lanche,3,29.9,Pix,Delivery,41,4
1246,2026-09-21,Segunda,Noite,X-Bacon,Lanche,2,29.9,Cartão,Balcão,14,5
1247,2026-09-22,Terça,Noite,Refrigerante,Bebida,2,6.9,Cartão,Balcão,17,5
1248,2026-09-22,Terça,Noite,X-Tudo,Lanche,2,34.9,Pix,Delivery,56,2
1249,2026-09-22,Terça,Noite,Batata Frita,Acompanhamento,1,14.9,Dinheiro,Balcão,21,5
1250,2026-09-22,Terça,Tarde,X-Bacon,Lanche,1,29.9,Dinheiro,Delivery,61,3
1251,2026-09-22,Terça,Noite,X-Salada,Lanche,3,24.9,Cartão,Balcão,20,5
1252,2026-09-22,Terça,Noite,Milkshake,Sobremesa,1,16.9,Pix,Delivery,46,3
1253,2026-09-22,Terça,Noite,Refrigerante,Bebida,2,6.9,Dinheiro,Delivery,34,4
1254,2026-09-22,Terça,Almoço,Refrigerante,Bebida,2,6.9,Cartão,Balcão,19,
1255,2026-09-22,Terça,Almoço,Milkshake,Sobremesa,1,16.9,Pix,Balcão,21,
1256,2026-09-23,Quarta,Noite,Milkshake,Sobremesa,2,16.9,Cartão,Balcão,16,5
1257,2026-09-23,Quarta,Noite,X-Tudo,Lanche,1,34.9,Pix,Balcão,11,5
1258,2026-09-23,Quarta,Noite,X-Salada,Lanche,1,24.9,Cartão,Delivery,32,4
1259,2026-09-23,Quarta,Noite,X-Salada,Lanche,1,24.9,Cartão,Delivery,51,3
1260,2026-09-23,Quarta,Noite,X-Burger,Lanche,1,22.9,Dinheiro,Balcão,30,4
1261,2026-09-23,Quarta,Noite,X-Bacon,Lanche,1,29.9,Cartão,Balcão,15,5
1262,2026-09-23,Quarta,Tarde,X-Bacon,Lanche,1,29.9,Cartão,Delivery,37,4
1263,2026-09-23,Quarta,Noite,X-Salada,Lanche,1,24.9,Cartão,Balcão,15,5
1264,2026-09-23,Quarta,Noite,Batata Frita,Acompanhamento,2,14.9,Pix,Delivery,50,3
1265,2026-09-23,Quarta,Noite,Suco,Bebida,1,8.9,Pix,Balcão,19,
1266,2026-09-23,Quarta,Noite,X-Tudo,Lanche,1,34.9,Cartão,Delivery,42,3
1267,2026-09-23,Quarta,Noite,X-Tudo,Lanche,1,34.9,Pix,Delivery,43,3
1268,2026-09-23,Quarta,Noite,X-Burger,Lanche,1,22.9,Cartão,Delivery,28,5
1269,2026-09-23,Quarta,Noite,X-Burger,Lanche,1,22.9,Pix,Balcão,19,5
1270,2026-09-23,Quarta,Noite,X-Salada,Lanche,1,24.9,Pix,Delivery,50,3
1271,2026-09-24,Quinta,Almoço,X-Tudo,Lanche,2,34.9,Cartão,Delivery,55,3
1272,2026-09-24,Quinta,Noite,X-Bacon,Lanche,1,29.9,Cartão,Delivery,34,5
1273,2026-09-24,Quinta,Tarde,Batata Frita,Acompanhamento,1,14.9,Cartão,Balcão,8,5
1274,2026-09-24,Quinta,Almoço,X-Bacon,Lanche,2,29.9,Pix,Balcão,19,5
1275,2026-09-24,Quinta,Almoço,X-Bacon,Lanche,1,29.9,Pix,Balcão,11,5
1276,2026-09-24,Quinta,Noite,Refrigerante,Bebida,1,6.9,Pix,Balcão,16,5
1277,2026-09-24,Quinta,Tarde,X-Tudo,Lanche,1,34.9,Pix,Delivery,14,5
1278,2026-09-24,Quinta,Almoço,Refrigerante,Bebida,2,6.9,Cartão,Delivery,43,4
1279,2026-09-24,Quinta,Noite,X-Salada,Lanche,1,24.9,Pix,Delivery,38,3
1280,2026-09-24,Quinta,Noite,X-Tudo,Lanche,2,34.9,Cartão,Delivery,52,4
1281,2026-09-24,Quinta,Almoço,X-Burger,Lanche,1,22.9,Pix,Balcão,14,4
1282,2026-09-25,Sexta,Noite,Refrigerante,Bebida,1,6.9,Cartão,Delivery,29,4
1283,2026-09-25,Sexta,Almoço,Batata Frita,Acompanhamento,1,14.9,Cartão,Balcão,12,5
1284,2026-09-25,Sexta,Noite,X-Bacon,Lanche,1,29.9,Pix,Delivery,54,3
1285,2026-09-25,Sexta,Noite,X-Bacon,Lanche,2,29.9,Pix,Balcão,23,4
1286,2026-09-25,Sexta,Noite,Refrigerante,Bebida,3,6.9,Cartão,Balcão,18,4
1287,2026-09-25,Sexta,Noite,Batata Frita,Acompanhamento,1,14.9,Pix,Balcão,20,5
1288,2026-09-25,Sexta,Tarde,Batata Frita,Acompanhamento,1,14.9,Pix,Balcão,15,5
1289,2026-09-25,Sexta,Tarde,Milkshake,Sobremesa,1,16.9,Pix,Delivery,31,
1290,2026-09-25,Sexta,Tarde,Milkshake,Sobremesa,3,16.9,Dinheiro,Balcão,6,5
1291,2026-09-25,Sexta,Noite,Refrigerante,Bebida,1,6.9,Cartão,Delivery,38,4
1292,2026-09-25,Sexta,Noite,Batata Frita,Acompanhamento,1,14.9,Pix,Balcão,12,
1293,2026-09-26,Sábado,Tarde,Batata Frita,Acompanhamento,1,14.9,Cartão,Balcão,19,5
1294,2026-09-26,Sábado,Almoço,Refrigerante,Bebida,2,6.9,Cartão,Delivery,50,3
1295,2026-09-26,Sábado,Noite,Suco,Bebida,2,8.9,Cartão,Delivery,39,4
1296,2026-09-26,Sábado,Almoço,Batata Frita,Acompanhamento,1,14.9,Cartão,Delivery,18,
1297,2026-09-26,Sábado,Noite,X-Bacon,Lanche,1,29.9,Cartão,Balcão,25,4
1298,2026-09-26,Sábado,Noite,X-Salada,Lanche,1,24.9,Pix,Balcão,24,4
1299,2026-09-26,Sábado,Noite,X-Bacon,Lanche,1,29.9,Cartão,Balcão,11,4
1300,2026-09-26,Sábado,Almoço,Milkshake,Sobremesa,2,16.9,Cartão,Balcão,6,5
1301,2026-09-26,Sábado,Noite,Refrigerante,Bebida,1,6.9,Cartão,Balcão,18,4
1302,2026-09-26,Sábado,Noite,X-Bacon,Lanche,2,29.9,Dinheiro,Delivery,59,3
1303,2026-09-26,Sábado,Almoço,Batata Frita,Acompanhamento,1,14.9,Dinheiro,Delivery,50,3
1304,2026-09-26,Sábado,Noite,X-Burger,Lanche,2,22.9,Pix,Balcão,17,
1305,2026-09-26,Sábado,Almoço,X-Salada,Lanche,1,24.9,Pix,Balcão,14,5
1306,2026-09-26,Sábado,Almoço,X-Burger,Lanche,1,22.9,Cartão,Balcão,8,5
1307,2026-09-26,Sábado,Noite,X-Salada,Lanche,2,24.9,Cartão,Balcão,16,5
1308,2026-09-26,Sábado,Tarde,X-Tudo,Lanche,2,34.9,Pix,Delivery,45,3
1309,2026-09-26,Sábado,Almoço,Refrigerante,Bebida,1,6.9,Cartão,Delivery,38,4
1310,2026-09-26,Sábado,Noite,X-Burger,Lanche,1,22.9,Cartão,Delivery,30,4
1311,2026-09-26,Sábado,Noite,X-Bacon,Lanche,1,29.9,Cartão,Delivery,36,3
1312,2026-09-26,Sábado,Tarde,Batata Frita,Acompanhamento,1,14.9,Pix,Balcão,14,5
1313,2026-09-26,Sábado,Noite,Refrigerante,Bebida,2,6.9,Pix,Balcão,24,5
1314,2026-09-26,Sábado,Noite,Suco,Bebida,3,8.9,Pix,Delivery,43,3
1315,2026-09-26,Sábado,Noite,Batata Frita,Acompanhamento,2,14.9,Cartão,Delivery,40,3
1316,2026-09-27,Domingo,Almoço,X-Burger,Lanche,1,22.9,Cartão,Delivery,44,4
1317,2026-09-27,Domingo,Noite,Batata Frita,Acompanhamento,1,14.9,Cartão,Delivery,46,3
1318,2026-09-27,Domingo,Noite,X-Burger,Lanche,2,22.9,Cartão,Balcão,19,5
1319,2026-09-27,Domingo,Noite,Refrigerante,Bebida,3,6.9,Pix,Delivery,46,3
1320,2026-09-27,Domingo,Noite,X-Burger,Lanche,1,22.9,Dinheiro,Delivery,45,4
1321,2026-09-27,Domingo,Noite,Refrigerante,Bebida,1,6.9,Pix,Balcão,16,5
1322,2026-09-27,Domingo,Noite,Refrigerante,Bebida,1,6.9,Cartão,Delivery,34,3
1323,2026-09-27,Domingo,Noite,X-Tudo,Lanche,2,34.9,Cartão,Balcão,22,4
1324,2026-09-27,Domingo,Noite,Refrigerante,Bebida,1,6.9,Cartão,Balcão,19,4
1325,2026-09-27,Domingo,Almoço,X-Bacon,Lanche,1,29.9,Pix,Balcão,12,5
1326,2026-09-27,Domingo,Noite,X-Tudo,Lanche,2,34.9,Dinheiro,Delivery,58,3
1327,2026-09-27,Domingo,Noite,Milkshake,Sobremesa,2,16.9,Cartão,Balcão,19,4
1328,2026-09-27,Domingo,Noite,X-Burger,Lanche,1,22.9,Dinheiro,Balcão,16,5
1329,2026-09-27,Domingo,Tarde,Milkshake,Sobremesa,1,16.9,Dinheiro,Delivery,34,3
1330,2026-09-27,Domingo,Almoço,Refrigerante,Bebida,1,6.9,Cartão,Balcão,16,5
1331,2026-09-27,Domingo,Noite,X-Salada,Lanche,1,24.9,Cartão,Delivery,31,4
1332,2026-09-28,Segunda,Tarde,Suco,Bebida,1,8.9,Pix,Delivery,44,
1333,2026-09-28,Segunda,Almoço,X-Salada,Lanche,2,24.9,Pix,Delivery,45,4
1334,2026-09-28,Segunda,Tarde,X-Burger,Lanche,1,22.9,Pix,Delivery,43,3
1335,2026-09-28,Segunda,Noite,X-Bacon,Lanche,1,29.9,Pix,Delivery,56,2
1336,2026-09-28,Segunda,Noite,Refrigerante,Bebida,2,6.9,Dinheiro,Delivery,46,4
1337,2026-09-29,Terça,Noite,X-Bacon,Lanche,2,29.9,Pix,Delivery,34,4
1338,2026-09-29,Terça,Almoço,Milkshake,Sobremesa,1,16.9,Pix,Balcão,18,5
1339,2026-09-29,Terça,Tarde,Refrigerante,Bebida,1,6.9,Cartão,Delivery,52,2
1340,2026-09-29,Terça,Noite,Batata Frita,Acompanhamento,2,14.9,Pix,Balcão,19,5
1341,2026-09-29,Terça,Noite,Batata Frita,Acompanhamento,1,14.9,Pix,Balcão,14,5
1342,2026-09-29,Terça,Tarde,Refrigerante,Bebida,1,6.9,Cartão,Balcão,13,3
1343,2026-09-29,Terça,Noite,Milkshake,Sobremesa,1,16.9,Cartão,Delivery,55,3
1344,2026-09-29,Terça,Tarde,X-Bacon,Lanche,1,29.9,Pix,Delivery,27,4
1345,2026-09-29,Terça,Tarde,Refrigerante,Bebida,2,6.9,Pix,Delivery,39,4
1346,2026-09-29,Terça,Tarde,X-Salada,Lanche,1,24.9,Cartão,Delivery,30,4
1347,2026-09-30,Quarta,Noite,Milkshake,Sobremesa,1,16.9,Cartão,Balcão,19,5
1348,2026-09-30,Quarta,Almoço,Batata Frita,Acompanhamento,1,14.9,Pix,Delivery,41,3
1349,2026-09-30,Quarta,Noite,Suco,Bebida,1,8.9,Pix,Balcão,16,5
1350,2026-09-30,Quarta,Noite,X-Bacon,Lanche,2,29.9,Pix,Balcão,19,5
1351,2026-09-30,Quarta,Noite,Batata Frita,Acompanhamento,3,14.9,Cartão,Balcão,17,4
1352,2026-09-30,Quarta,Noite,Refrigerante,Bebida,3,6.9,Dinheiro,Delivery,34,4
1353,2026-09-30,Quarta,Noite,X-Tudo,Lanche,1,34.9,Pix,Delivery,51,3
1354,2026-09-30,Quarta,Almoço,X-Bacon,Lanche,1,29.9,Cartão,Delivery,51,2
1355,2026-09-30,Quarta,Noite,Milkshake,Sobremesa,1,16.9,Cartão,Balcão,18,5
1356,2026-09-30,Quarta,Noite,X-Salada,Lanche,2,24.9,Dinheiro,Delivery,49,4
1357,2026-09-30,Quarta,Almoço,X-Bacon,Lanche,1,29.9,Cartão,Delivery,40,3
1358,2026-09-30,Quarta,Noite,Refrigerante,Bebida,1,6.9,Cartão,Delivery,54,3
1359,2026-09-30,Quarta,Noite,Refrigerante,Bebida,1,6.9,Cartão,Balcão,17,4
1360,2026-09-30,Quarta,Tarde,X-Burger,Lanche,1,22.9,Cartão,Balcão,15,4
1361,2026-09-30,Quarta,Noite,Milkshake,Sobremesa,1,16.9,Cartão,Delivery,41,3
1362,2026-09-30,Quarta,Noite,Refrigerante,Bebida,1,6.9,Cartão,Balcão,18,4
1363,2026-09-30,Quarta,Noite,X-Burger,Lanche,1,22.9,Pix,Balcão,16,4
1364,2026-09-30,Quarta,Tarde,Milkshake,Sobremesa,2,16.9,Pix,Delivery,32,
1365,2026-09-30,Quarta,Noite,Refrigerante,Bebida,2,6.9,Pix,Delivery,29,4
1366,2026-09-30,Quarta,Noite,Milkshake,Sobremesa,2,16.9,Pix,Delivery,51,3
1367,2026-09-30,Quarta,Noite,Milkshake,Sobremesa,1,16.9,Pix,Delivery,34,4
